test	name	text	postcode
20A6CG	Bolton Great Moor Street Jobcentre	Great Moor Street, Bolton, Lancashire, Greater Manchester East and West	BL3 6DT
W9JVS	Dinnington Jobcentre	4 Church Lane, Dinnington, Sheffield, South Yorkshire, South Yorkshire	S25 2LZ
1WWJ5A	Coleford Jobcentre	4 Mushet Walk, Coleford, Gloucestershire, Gloucester & West of England	GL16 8BQ
KRS7Q	Thorne Jobcentre	Orchard Street, Thorne, Doncaster, South Yorkshire, South Yorkshire	DN8 5EQ
1XSR32	Alton Jobcentre	1-3 Butts Road, Alton, Hampshire, Hampshire and Isle of Wight	GU34 1LH
1FGFEM	Willenhall Jobcentre	Upper Lichfield Street, Willenhall, West Midlands, Black Country	WV13 1DH
1QHNBE	Woking Jobcentre	15-29 Goldsworth Road, Woking, Surrey, Surrey and Sussex	GU21 6JZ
159V4V	Arbroath Jobcentre	2 Chalmers Street, Arbroath, Angus, North Scotland	DD11 1PP
YX5KZ	Petersfield Jobcentre	14A Chapel Street, Petersfield, Hampshire, Hampshire and Isle of Wight	GU32 3DP
1Z0777	Blandford Jobcentre	50 East Street, Blandford, Dorset, Wessex	DT11 7UE
Y16SH	Cupar Jobcentre	7 Westport, Cupar, Fife, East and South East of Scotland	KY15 4AN
2MVBFE	Smethwick Jobcentre	Trinity House, High Street, Smethwick, West Midlands, Black Country	B66 3AD
14W8JJ	Broad Street Jobcentre	Centennial House, 100 Broad Street, Birmingham, West Midlands, Birmingham and Solihull	B15 1AU
163AS5	Wombwell Jobcentre	19 Kings Road, Wombwell, Barnsley, South Yorkshire, South Yorkshire	S73 0JE
20CM58	Seaham Jobcentre	Church View House, St Johns Square, Seaham, County Durham, Durham, Tees Valley	SR7 7JE
22VQ0V	Bedworth Jobcentre	12 High Street, Bedworth, Bedworth, Warwickshire, Mercia	CV12 8NF
XW2ZH	Dunoon Jobcentre	George Street, Dunoon, Argyll, West Scotland	PA23 8BB
2D573T	Cheltenham Jobcentre	Haywood House, 7 North Street, Cheltenham, Gloucestershire, Gloucester & West of England	GL50 4DJ
XXK2B	Oban Jobcentre	Mathieson House, 1 Miller Road, Oban, Argyll and Bute, West Scotland	PA34 4AF
R4SYF	Newton Aycliffe Jobcentre	Avenue House, The Avenue, Greenwell Road, Newton Aycliffe, County Durham, Durham, Tees Valley	DL5 4DH
2JE9C	Chippenham Jobcentre	Cyppa Court, Avenue La Fleche, Chippenham, Wiltshire, Wessex	SN15 3LH
2K1AZ7	Welshpool Jobcentre	New Dolanog House, Severn Road, Welshpool, Powys, North and Mid Wales	SY21 7AP
2TT50A	Renfrew Jobcentre	5 High Street, Renfrew, Renfrewshire, West Scotland	PA4 8QL
2JCAMZ	Buckie Jobcentre	Shanks Lane, Buckie, Banffshire, North Scotland	AB56 1AF
1G14SD	Hackney Jobcentre	271 Mare Street, Hackney, London, East London	E8 1EE
1DK7VJ	Ross on Wye Jobcentre	The Library, Cantilupe Road, Ross on Wye, Herefordshire	HR9 7AN
14NMH6	Crook Jobcentre	New Road, Crook, County Durham, Durham, Tees Valley	DL15 8LP
2RQR0V	Bolsover Jobcentre	Cavendish Walk, Bolsover, Derbyshire, Derbyshire	S44 6DB
1YCPF1	Bordon Jobcentre	2-4 Chalet Hill, Bordon, Hampshire, Hampshire and Isle of Wight	GU35 0TQ
A9JRE	Forres Jobcentre	Tytler Street, Forres, Morayshire, North Scotland	IV36 1EL
NZNN5	Maesteg Jobcentre	12-16 Commercial Street, Maesteg, Mid Glamorgan, South West Wales	CF34 9DF
YNP0W	Washwood Heath Jobcentre	295 Washwood Heath Road, Washwood Heath, Birmingham, West Midlands, Birmingham and Solihull	B8 2XX
PPK1C	Kidderminster Jobcentre	12 Lower Mill Street, Kidderminster, Worcestershire, Mercia	DY11 6TT
2YXV8B	Poole Jobcentre	Old Town Market, Dear Hay Lane, Poole, Dorset, Wessex	BH15 1NZ
1XQA0W	Coalville Jobcentre	Crown House, Whitwick Road,, Coalville, Leicestershire, Leicestershire and Northamptonshire	LE67 3FB
PWJ42	Abergavenny Jobcentre	Newbridge House, Tudor Street, Abergavenny, Gwent, South East Wales	NP7 5EF
S04N9	Kirkintilloch Jobcentre	Queen Street, Kirkintilloch, Lanarkshire, Glasgow, Lanarkshire and East Dunbartonshire	G66 1JN
QY0YC	Thornton Heath Jobcentre	72 High Street, Thornton Heath, Croydon, Essex, South London	CR7 8YY
WHE80	Liskeard Jobcentre	Bell House, 7-9 Church Street, Liskeard, Cornwall, Devon and Cornwall	PL14 3AG
21TAJC	Hereford Jobcentre	St. Nicholas House,, 6 St. Nicholas Street, Hereford, Herefordshire, Mercia	HR4 0DD
2ZANRK	Kilmarnock Jobcentre	17 Grange Street, Kilmarnock, Ayrshire, West Scotland	KA1 2DF
1EPZH2	Forest Hill Jobcentre	Heron House, 32-34 Dartmouth Road, Forest Hill, London, South London	SE23 3XU
25DTMQ	Winsford Jobcentre	High Street, Winsford, Cheshire, Greater Manchester Central & Cheshire Community	CW7 2AH
227063	Glossop Jobcentre	Howard Street, Glossop, Derbyshire, Derbyshire	SK13 7DF
E2M5W	Mexborough Jobcentre	Crown Buildings, Adwick Road, Mexborough, South Yorkshire, South Yorkshire	S64 0BD
DVX8Y	Morriston Jobcentre	Oldway House, Clase Road, Morriston, West Glamorgan, South West Wales	SA6 8BT
14Z14N	Castlemilk Jobcentre	Castlemilk Arcade, Dougrie Drive, Glasgow, Lanarkshire, Glasgow, Lanarkshire and East Dunbartonshire	G45 9AA
2YPBBT	Livingston Jobcentre	Regional Centre, Almondvale South, Livingston, West Lothian, East and South East of Scotland	EH54 6NQ
R5KS2	Reading Jobcentre	Adelphi House, Friar Street, Reading, Berkshire, Thames Valley	RG1 1HD
1B7V1F	Canterbury Jobcentre	Northgate House, 115-120 Northgate, Canterbury, Kent, Kent	CT1 1EZ
1KK6W2	Salisbury Jobcentre	Summerlock House, Summerlock Approach, Salisbury, Wiltshire, Wessex	SP2 7RW
N5Q6J	Ryedale Jobcentre	Norton Road, Malton, North Yorkshire, North East Yorkshire and the Humber	YO17 9RD
1PY6VV	Whitley Bay Jobcentre	158 Whitley Road, Whitley Bay, Tyne and Wear, Tyne & Wear	NE26 2LY
JFB78	Hull West Britannia House Jobcentre	Britannia House, 2 Ferensway, Hull, East Yorkshire, North East Yorkshire and the Humber	HU2 8NF
2TH2W8	Hornchurch Jobcentre	Pioneer House, North Street, Hornchurch, Essex, East London	RM11 1QZ
B2FSG	Fareham Jobcentre	Crown Buildings, Civic Way, Fareham, Hampshire, Hampshire and Isle of Wight	PO16 7HR
2AMHQG	Selby Jobcentre	Flaxley Chambers, Flaxley Road, Selby, North Yorkshire, North East Yorkshire and the Humber	YO8 3BH
2W0AXK	Sheffield Hillsborough Jobcentre	Hillsborough Barracks, Cavalry & Lancer Court, 639-641 Penistone Road, Sheffield, South Yorkshire, South Yorkshire	S6 2GG
2S488Q	Haverhill Jobcentre	65 High Street, Haverhill, Cambridgeshire, East Anglia	CB9 8AH
E0R9H	Machynlleth Jobcentre	43-45 Maen Gwyn Street, Machynlleth, Powys, North and Mid Wales	SY20 8EB
2EFXAR	Croydon Jobcentre	17-21 Dingwall Road, Croydon, Surrey, South London	CR9 2TN
K3WGA	Barnsley Jobcentre	Cooper House, 59 Peel Street, Barnsley, South Yorkshire, South Yorkshire	S70 2RL
604C3	Sheffield Bailey Court Jobcentre	Bailey Court, 112 West Street, Sheffield, South Yorkshire, South Yorkshire	S1 3SY
1J45RX	Goole Jobcentre	Mulberry House, North Street, Goole, East Yorkshire, North East Yorkshire and the Humber	DN14 5QB
1Y5MSX	Sudbury Jobcentre	21 Borehamgate Precinct, Sudbury, Suffolk, East Anglia	CO10 2EG
2F540Q	Bathgate Jobcentre	Government Buildings, 31-33 Whitburn Road, Bathgate, West Lothian, East and South East of Scotland	EH48 1HG
1FKSTD	Slough Upton Lodge Jobcentre	Upton Lodge, 2A Yew Tree Road, Slough, Berkshire, Thames Valley	SL1 2AQ
2DA6SX	Minehead Jobcentre	17 The Avenue, Minehead, Somerset, Wessex	TA24 5XZ
1VDVWP	Coventry Cofa Court Jobcentre	Cofa Court, Cheylesmore, Coventry, West Midlands, Mercia	CV1 2HJ
2P95JJ	Berwick Jobcentre	Norham House, 15 Walkergate, Berwick-upon-Tweed, Northumberland, Tyne & Wear	TD15 1DS
15P77Q	Kennington Park Jobcentre	206-210 Kennington Park Road, Kennington, London, South London	SE11 4DE
2Z6A0B	Chorley Jobcentre	Hamilton Road, Chorley, Lancashire, Cumbria and Lancashire	PR7 2HB
249WK0	Stirling Jobcentre	South Lodge, 2 St. Ninians Road, Stirling, Stirlingshire, East and South East of Scotland	FK8 2HF
12QYCK	Newcastle East Jobcentre	Coquet House, Clifford Street, Byker, Newcastle Upon Tyne, Tyne and Wear, Tyne & Wear	NE6 1PH
7AT6C	Invergordon Jobcentre	43 High Street, Invergordon, Invernesshire, North Scotland	IV18 0DG
2X4HWR	Mildenhall Jobcentre	Forrest Heath District Council, College Heath Road, Mildenhall, East Anglia, Cambridgeshire and Suffolk	IP28 7EY
EAQHM	St Marylebone Jobcentre	46 Lisson Grove, London, North London	NW1 6TZ
1BZTT3	Braintree Jobcentre	The Old Post Office, Fairfield Road, Braintree, Essex, Essex	CM7 3HA
1YG1DM	Chester- le- Street Jobcentre	Crown Buildings, Station Road, Chester Le Street, County Durham, Durham, Tees Valley	DH3 3AB
26TQ7E	Skelmersdale Jobcentre	Whelmar House, Southway, Skelmersdale, Lancashire, Cumbria and Lancashire	WN8 6NT
M3064	Neath Jobcentre	1 Windsor Road, Neath, West Glamorgan, South West Wales	SA11 1LY
1ESSJ3	Paisley Jobcentre	49A High Street, Paisley, Renfrewshire, West Scotland	PA1 2AN
1EHW45	Cromer Jobcentre	Garden Street, Cromer, Norfolk, East Anglia	NR27 9HN
PBH8E	Retford Jobcentre	23a Grove Street, Retford, Nottinghamshire, Nottinghamshire, Lincolnshire and Rutland	DN22 6JR
APD51	Ormskirk Jobcentre	31A Church Street, Ormskirk, Merseyside, Cumbria and Lancashire	L39 3QT
K5Y61	Shotton Jobcentre	Civic Centre, Wepre Drive, Connahs Quay, Flintshire, North and Mid Wales	CH5 4HA
732JB	Canvey Island Jobcentre	140 Furtherwick Road, Canvey Island, Essex, Essex	SS8 7AL
1ZX82S	Gateshead Jobcentre	Shildon House, High Street, Gateshead, Tyne and Wear, Tyne & Wear	NE8 1AS
2SBEYC	Whitstable Jobcentre	13 High Street, Whitstable, Kent, Kent	CT5 1AP
2S3WJQ	Penzance Jobcentre	Branwell House, Clarence Street, Penzance, Cornwall, Devon and Cornwall	TR18 2NP
2026H2	Fakenham Jobcentre	Government Buildings, Norwich Road, Fakenham, Norfolk, East Anglia	NR21 8HJ
8HJQZ	Wolverhampton Molineux House Jobcentre	Molineux House, Temple Street, Wolverhampton, West Midlands, Black Country	WV2 4AU
2Q3FVZ	Ashington Jobcentre	Reiverdale House, Reiverdale Road, Ashington, Northumberland, Tyne & Wear	NE63 9YY
2J08F5	Cramlington Jobcentre	17-19 Dudley Court, East Square, Cramlington, Northumberland, Tyne & Wear	NE23 6QW
296B21	Bedlington Jobcentre	Longridge House, Front Street West, Bedlington, Northumberland, Tyne & Wear	NE22 5TL
15R3S7	Bude Jobcentre	Summerleaze Crescent, Bude, Cornwall, Devon and Cornwall	EX23 8BT
2KG0VA	Newton Le Willows Jobcentre	13-15 Market Street, Earlestown, Newton le Willows, Merseyside, Merseyside	WA12 9BQ
QF0ER	Sheffield Eastern Avenue Jobcentre	19 Eastern Avenue, Sheffield, South Yorkshire, South Yorkshire	S2 2FZ
2SE3V4	Wisbech Jobcentre	Albion House, Albion Place, Wisbech, Cambridgeshire, East Anglia	PE13 1AN
HYD0F	Truro Jobcentre	Pydar House, Pydar Street, Truro, Cornwall, Devon and Cornwall	TR1 2PU
984ZE	Spennymoor Jobcentre	Barnfield Road, Spennymoor, County Durham, Durham, Tees Valley	DL16 6ND
2ETB13	Sheerness Jobcentre	3 Millennium Way, Sheerness, Kent, Kent	ME12 1PD
2AC9W4	Woodhouse Jobcentre	Prospect House, Market Street, Woodhouse, Sheffield, South Yorkshire, South Yorkshire	S13 7QX
1QYF9Q	Bedford Jobcentre	Wyvern House, Bromham Road, Bedford, Bedfordshire, Bedfordshire and Hertfordshire	MK40 2EH
1X5T41	Carmarthen Jobcentre	John Street, Carmarthen, Carmarthenshire, South West Wales	SA31 1QT
2FPRF4	Bournemouth Jobcentre	Tamarisk House, 1 Cotlands Road, Bournemouth, Dorset, Wessex	BH1 3BG
27Q37E	Honiton Jobcentre	128 High Street, Honiton, Devon, Devon and Cornwall	EX14 1JP
21JDDE	St Andrews Jobcentre	187 South Street, St Andrews, Fife, East and South East of Scotland	KY16 9EE
2RK42T	Worthing Jobcentre	Crown House, High Street, Worthing, West Sussex, Surrey and Sussex	BN11 1NG
NC0H8	Bradford Westfield House Jobcentre	Westfield House, 85 Manningham Lane, Bradford, West Yorkshire, West Yorkshire	BD1 3BE
1GCM60	Kilbirnie Jobcentre	Walker Street, Kilbirnie, Ayrshire, West Scotland	KA25 6HL
1KYW1V	Perry Barr Jobcentre	Meridian House, 115 Aston Lane, Perry Barr, Birmingham, West Midlands, Birmingham and Solihull	B20 3BW
10JYPS	Whitby Jobcentre	6 Bobbies Bank, Whitby, North Yorkshire, North East Yorkshire and the Humber	YO21 1QZ
2JXSMF	Stalybridge Jobcentre	15 Waterloo Road, Stalybridge, Greater Manchester, Greater Manchester East and West	SK15 2AX
VS406	Cardigan Jobcentre	Crown Buildings, Napier Street, Cardigan, Ceredigion, South West Wales	SA43 1EF
1T98FA	Sheffield Chambers Court Jobcentre	1b Station Road, Chapeltown, Sheffield, South Yorkshire, South Yorkshire	S35 2XE
2JX3PK	Nelson Jobcentre	14-16 Netherfield Road, Nelson, Lancashire, Cumbria and Lancashire	BB9 9AW
4FRHD	Broxburn Jobcentre	97 East Main Street, Broxburn, West Lothian, East and South East of Scotland	EH52 5EE
1PFZRP	Evesham Jobcentre	Abbey Road, Evesham, Worcestershire, Mercia	WR11 4SB
GSRDD	Goldthorpe Jobcentre	High Street, Goldthorpe, Rotherham, South Yorkshire, South Yorkshire	S63 9LQ
V168N	Bexhill Jobcentre	Amherst Road, Bexhill, East Sussex, Berkshire, Surrey and Sussex	TN40 1QH
29R1BN	Leamington Spa Jobcentre	Brandon House, Holly Walk, Leamington Spa, Warwickshire, Mercia	CV32 4JE
N9V55	Norwich Jobcentre	Kiln House, Pottergate, Norwich, Norfolk, East Anglia	NR2 1BZ
1VKQ7R	Grangemouth Jobcentre	13-15 Charlotte Dundas Court, Grangemouth, Stirlingshire, East and South East of Scotland	FK3 9EA
25DHS5	Bristol, Bishopsworth Jobcentre	59 Whitchurch Lane, Bishopsworth, Bristol, South Gloucestershire, Gloucester & West of England	BS13 7TE
206EFZ	Nuneaton Jobcentre	Mill House, Mill Walk, Nuneaton, Warwickshire, Mercia	CV11 4DL
2FYJHT	Shipley Jobcentre	Wainman Street, Shipley, West Yorkshire, West Yorkshire	BD17 7DN
1FRVV	Cambridge Jobcentre	Henry Giles House, 73-79 Chesterton Road, Cambridge, Cambridgeshire, East Anglia	CB4 3BQ
FA6DE	Bridport Jobcentre	1 West Street, Bridport, Dorset, Wessex	DT6 3QJ
1R6F6V	Stockport Jobcentre	Heron House, Wellington Street, Stockport, Cheshire, Greater Manchester East and West	SK1 3BE
2KQKC6	Northampton Jobcentre	Frances House, 21 Lower Mounts, Northampton, Northamptonshire, Leicestershire and Northamptonshire	NN1 3LY
29KA48	Boston Jobcentre	Crown House, Lincoln Lane, Boston, Lincolnshire, Nottinghamshire, Lincolnshire and Rutland	PE21 8SJ
2M479A	Kendal Jobcentre	Kentmere House, 1 Blackhall Road, Kendal, Cumbria, Cumbria and Lancashire	LA9 4BS
25XM5E	Llandrindod Wells Jobcentre	The Automobile Palace, Princes Avenue, Llandrindod Wells, Powys, North and Mid Wales	LD1 5HU
79JPG	Chorlton Jobcentre	Graeme House, Chorlton Square, Wilbraham Road, Manchester, Greater Manchester, Greater Manchester Central & Cheshire Community	M21 9BU
1FHXFF	Porthmadog Jobcentre	Thedford House, High Street, Porthmadog, Gwynedd, North and Mid Wales	LL49 9LS
R8P2Q	Kettering Jobcentre	Derbyshire House, Lower Street, Kettering, Northamptonshire, Leicestershire and Northamptonshire	NN16 8BG
1BC6FS	Weston-Super-Mare Jobcentre	Regent House, High Street, Weston-super-Mare, North Somerset, Gloucester & West of England	BS23 1JH
HM5A	St Annes Jobcentre	Westmorland House, 29-31 Orchard Road, Lytham St. Annes, Lancashire, Cumbria and Lancashire	FY8 1YS
2HE1AY	Bromsgrove Jobcentre	Church Fields, Bromsgrove, Worcestershire, Mercia	B61 8DX
NYVY1	Blackwood Jobcentre	75-77 High Street, Blackwood, Gwent, South East Wales	NP12 1YY
1B5V8G	Oswestry Jobcentre	27 Oswald Road, Oswestry, Shropshire, Staffordshire and Shropshire	SY11 1DZ
SVWSE	Beeston Jobcentre	3 Arcacia Walk, Beeston, Nottingham, Nottinghamshire, Nottinghamshire, Lincolnshire and Rutland	NG9 2LW
1AV7F	Penryn Jobcentre	Penmarin House, Commercial Road, Penryn, Cornwall, Devon and Cornwall	TR10 8SB
D6D0E	Walthamstow Jobcentre	7-13 Westbury Road, Walthamstow, London, East London	E17 6RH
19BH9E	Morecambe Jobcentre	Heron House, 67 Queen Street, Morecambe, Lancashire, Cumbria and Lancashire	LA4 5HW
22RVM6	Lincoln Orchard Street Jobcentre	Lancaster House, 36 Orchard Street, Lincoln, Lincolnshire, Lincolnshire, Nottinghamshire and Rutland	LN1 1YZ
HXFC0	Grantham Jobcentre	Crown House, 49A Castlegate, Grantham, Lincolnshire, Nottinghamshire, Lincolnshire and Rutland	NG31 6SY
2RXQFC	Aberystwyth Jobcentre	Alexandra Road, Aberystwyth, Ceredigion, South West Wales	SY23 1LA
17NP5V	Caldicot Jobcentre	66 Newport Road, Caldicot, Gwent, South East Wales	NP26 4BR
1ANWCC	South Leeds Jobcentre (Hunslet)	63 Whitfield Gardens, Hunslet, Leeds, West Yorkshire, West Yorkshire	LS10 2QD
1W3WD4	Eston Jobcentre	Hadrian House, 81 High Street, Eston, Cleveland, Durham, Tees Valley	TS6 9EH
20YX97	Newcastle City Jobcentre	Cathedral Square, Mosley Street, Cloth Market, Newcastle Upon Tyne, Tyne and Wear, Tyne & Wear	NE1 1EE
24QKQ9	Ely Jobcentre	52 Market Street, Ely, Cambridgeshire, East Anglia	CB7 4LU
J6QW	Hamilton Jobcentre	Cameronian House, Almada Street, Hamilton, Lanarkshire, Glasgow, Lanarkshire and East Dunbartonshire	ML3 0EH
2S3KK1	Devonport Jobcentre	Queens House, St Levans Road, Plymouth, Devon, Devon and Cornwall	PL2 3BD
H7AGB	High Wycombe Jobcentre	Aria House, 80 Oxford Road, High Wycombe, Buckinghamshire, Thames Valley	HP11 2DN
8SF6B	Bristol, Kingswood Jobcentre	382-386 Two Mile Hill Road, Kingswood, Bristol, Avon, Gloucester & West of England	BS15 1BZ
1NHG17	Tottenham Jobcentre	640-656 High Road, Tottenham, London, North London	N17 0AA
2XFN0Q	Heywood Jobcentre	Taylor Street, Heywood, Lancashire, Greater Manchester East and West	OL10 1ED
265F6W	Caernarfon Jobcentre	Governments Buildings, Penrallt, Caernarfon, Gwynedd, North and Mid Wales	LL55 2HN
QFCB	Belle Vale Jobcentre	New Crown Building, 302 Childwall Valley Road, Belle Vale, Liverpool, Merseyside, Merseyside	L25 2UF
1ABM37	Elgin Jobcentre	13-21 Trinity Road, Elgin, Morayshire, North Scotland	IV30 1RJ
8CFP8	Swansea Jobcentre	37-38 High Street, Swansea, West Glamorgan, South West Wales	SA1 1LS
2S6EYF	Parkhead Jobcentre	1181 Duke Street, Parkhead, Glasgow, Lanarkshire, Glasgow, Lanarkshire and East Dunbartonshire	G31 5NW
1HMKB9	Southport Jobcentre	Eastbank House, Eastbank Street, Southport, Merseyside, Merseyside	PR8 1HF
2TN1CH	Shirebrook Jobcentre	Victoria Street / 233 Station Road, Shirebrook, Nottinghamshire, Derbyshire	NG20 8AF
12V5Z9	Garston Jobcentre	Speke Road, Garston, Liverpool, Merseyside, Merseyside	L19 2JZ
11051X	Lancaster Jobcentre	Mitre House, Church Street, Lancaster, Lancashire, Cumbria and Lancashire	LA1 1JW
10FHFZ	Alexandra Park Jobcentre	91 Moss Lane East, Moss Side, Manchester, Greater Manchester, Greater Manchester Central & Cheshire Community	M15 5JB
15HGAE	Didsbury Jobcentre	Danesmoor Court, 95 Palatine Road, West Didsbury, Manchester, Greater Manchester, Greater Manchester Central & Cheshire Community	M20 3JQ
RYQE5	Neston Jobcentre	Burton Road, Neston, Cheshire, Greater Manchester Central & Cheshire Community	CH64 9RE
260KXG	Forfar Jobcentre	Service Road, Forfar, Angus, North Scotland	DD8 3HY
1NW93P	Burnley Jobcentre	Lee-Moran House, Victoria Street, Burnley, Lancashire, Cumbria and Lancashire	BB11 1DD
P813B	Stornoway Jobcentre	13-15 Francis Street, Stornoway, Isle of Lewis, North Scotland	HS1 2NA
7BNFY	Ebbw Vale Jobcentre	Civic Centre, Ebbw Vale, Gwent, South East Wales	NP23 6XG
25BBDM	Thetford Jobcentre	Townsend House, Guildhall Street, Thetford, Norfolk, East Anglia	IP24 2DT
MN671	Darwen Jobcentre	Green Street, Darwen, Blackburn, Lancashire, Cumbria and Lancashire	BB3 1AG
2STD5C	Redcar Jobcentre	Portland House, West Dyke Road, Redcar, Cleveland, Durham, Tees Valley	TS10 1DH
9H2Q0	Porthcawl Jobcentre	Dock Street,, Porthcawl, Mid Glamorgan, South West Wales	CF36 3BL
26E6DS	Mitcham Jobcentre	Boundary House, 317-321 London Road, Mitcham, Surrey, South London	CR4 4YF
2XYQXY	Gainsborough Jobcentre	Guildhall, Marshall's Yard, Gainsborough, Lincolnshire, Lincolnshire and Rutland	DN21 2NA
28J90T	Loftus Jobcentre	52-53 West Road, Loftus, Saltburn-by-Sea, Tees Valley, Durham, Tees Valley	TS13 4RF
425CR	Fraserburgh Jobcentre	2-4 South Harbour Road, Fraserburgh, Aberdeenshire, North Scotland	AB43 9RZ
2C5Q59	Spalding Jobcentre	Broadgate House, Westlode Street, , Spalding, Lincolnshire, Nottinghamshire, Lincolnshire and Rutland	PE11 2BQ
2ASG0M	Ilkeston Jobcentre	58 South Street, Ilkeston, Derbyshire, Derbyshire	DE7 8TU
XWX3M	Brighton Jobcentre	Windsor House, 30-35 Edward Street, Brighton, East Sussex, Surrey and Sussex	BN2 0LN
2YYMK	Gloucester Jobcentre	Cedar House, Spa Road, Gloucester, Gloucestershire, Gloucester & West of England	GL1 1XL
2TXVV7	Telford House Jobcentre	Telford House, Southwater Way, Telford, Shropshire, Staffordshire and Shropshire	TF3 4PD
2A935Q	Barry Jobcentre	9 Holt Road, Barry, South Glamorgan, South East Wales	CF63 4HA
10R41C	Horsham Jobcentre	Marlborough House, 50 East Street, Horsham, West Sussex, Surrey and Sussex	RH12 1HN
2F5QHB	Worsley Jobcentre	Worsley Court, 5 High Street, Walkden, Worsley, Greater Manchester, Greater Manchester Central & Cheshire Community	M28 3AD
21H5NN	Tewkesbury Jobcentre	Council Offices, Gloucester Road, Tewkesbury, Gloucestershire, Gloucestershire, Wiltshire and Swindon	GL20 5TT
1GX1S6	Mansfield Jobcentre	Hill House, Commercial Gate, Mansfield, Nottinghamshire, Lincolnshire, Nottinghamshire and Rutland	NG18 1LN
WNJ6G	Banff Jobcentre	23-25 Castle Street, Banff, Aberdeenshire, North Scotland	AB45 1DJ
2C06TZ	Thornaby Jobcentre	Ingram House, Allensway, Thornaby, Teeside, Durham, Tees Valley	TS17 9HA
2WPTX8	Consett Jobcentre	5A Medomsley Road, Consett, County Durham, Durham, Tees Valley	DH8 5HE
28XK1W	Brentwood Jobcentre	Fairfield House, Fairfield Road, Brentwood, Essex, Essex	CM14 4SB
1AJGMV	Hinckley Jobcentre	Rugby Road, Hinkley, Leicestershire, Leicestershire and Northamptonshire	LE10 0FR
4KG06	Derby Normanton Road Jobcentre	10 Normanton Road, Derby, Derbyshire, Derbyshire	DE1 2GW
1VAYTG	Bristol, Shirehampton Jobcentre	31-32 High Street, Shirehampton, Bristol, South Gloucestershire, Gloucester & West of England	BS11 0DX
C9S8C	West Derby Jobcentre	Springfield House, 416 Eaton Road, West Derby, Liverpool, Merseyside, Merseyside	L12 3HT
21BW1	Huddersfield Jobcentre	Castle House, Market Street, Huddersfield, West Yorkshire, West Yorkshire	HD1 2NE
29D791	Harrow Kings House Jobcentre	Kings House, Clarendon Road, Harrow, Middlesex, West London	HA1 1YJ
HB5QB	Leeds Park Place Jobcentre	21-22 Park Place, Leeds, West Yorkshire, West Yorkshire	LS1 2SL
2ACX2R	Wythenshawe Jobcentre	Simon House, Wavell Road, Wythenshawe, Manchester, Greater Manchester, Greater Manchester Central & Cheshire Community	M22 5RA
F2TJ9	Palmers Green Jobcentre	28 Aldermans Hill, Palmers Green, London, North London	N13 4PN
1G851F	Purley Jobcentre	24 Whytecliffe Road, South Purley, Surrey, South London	CR8 2YU
2W46E2	Dagenham Jobcentre	Chequers Lane, Dagenham, Essex, East London	RM9 6PS
6Q4FR	Haywards Heath Jobcentre	Kingsley House, 31 Boltro Road, Haywards Heath, West Sussex, Surrey and Sussex	RH16 1BP
243DX5	Dover Jobcentre	72-75 Maison Dieu, Dover, Kent, Kent	CT16 1NN
2R0NVT	Fleetwood Jobcentre	Roskell House, 11 - 27 Kemp Street, Fleetwood, Lancashire, Cumbria and Lancashire	FY7 6JX
1GSEZX	Pyle Jobcentre	Ffald Road Shopping Centre, Pyle, Mid Glamorgan, South West Wales	CF33 6BH
HF1SJ	Drumchapel Jobcentre	67 Kinfauns Drive, Drumchapel, Glasgow, Lanarkshire, Glasgow, Lanarkshire and East Dunbartonshire	G15 7TG
GTMCP	Skegness Jobcentre	1A Wainfleet Road, Skegness, Lincolnshire, Nottinghamshire, Lincolnshire and Rutland	PE25 3PA
1XJG5M	Folkestone Jobcentre	Palting House, Trinity Road, Folkstone, Kent, Kent	CT20 2RH
2QQVG6	Birmingham South West /Northfield Jobcentre	1300 Bristol Road South, Northfield, Birmingham, West Midlands, Birmingham and Solihull	B31 2TQ
2439Y7	Stratford Jobcentre	1 Tramway Avenue, Stratford, London, East London	E15 4PN
282ZAR	Longsight Jobcentre	123 Clarence Road, Longsight, Manchester, Greater Manchester, Greater Manchester Central & Cheshire Community	M13 0ZL
1FQ4MQ	Leytonstone Jobcentre	Robart House, 1-3 Lemna Road, Leytonstone, London, East London	E11 1JJ
AG87Z	Openshaw Jobcentre	Cornwall Street, Openshaw, Manchester, Greater Manchester, Greater Manchester Central & Cheshire Community	M11 2WR
E5YME	Buxton Jobcentre	84-86 Spring Gardens, Buxton, Derbyshire, Derbyshire	SK17 6BU
VAWW7	Swindon Jobcentre	Spring Gardens House, Princes Street, Swindon, Wiltshire, Wessex	SN1 2HY
22VWKP	Bridgend Jobcentre	Government Buildings, Market Street, Bridgend, Mid Glamorgan, South West Wales	CF31 1LL
1FZWJE	Rugby Jobcentre	Kingsforth House, 44 Albert Street, Rugby, Warwickshire, Mercia	CV21 2TD
1WQ5KF	Guiseley Jobcentre	Alva House, Otley Road, Guiseley, Leeds, West Yorkshire, West Yorkshire	LS20 8AF
2BQ50Q	Cwmbran Jobcentre	Gwent House, 1st Floor, 42 Gwent Square, Cwmbran, Gwent, South East Wales	NP44 1PL
FCB7	Alfreton Jobcentre	Tannery House, King Street, Alfreton, Derbyshire, Derbyshire	DE55 7AF
1SJ89B	Pudsey Jobcentre (Leeds Century House)	Century House, Church Lane, Leeds, West Yorkshire, West Yorkshire	LS28 7RQ
20FHD7	Cheetham Hill Jobcentre	36 Crescent Road, Cheetham Hill, Manchester, Greater Manchester, Greater Manchester Central & Cheshire Community	M8 9DQ
2MK13W	Seacroft Jobcentre	Parkway House, North Parkway, Seacroft, Leeds, West Yorkshire, West Yorkshire	LS14 6UZ
68T83	Salford Jobcentre	2 Paddington Close, Salford, Lancashire, Lancashire	M6 5PL
16ZWKH	Clacton Jobcentre	55 Station Road, Clacton on Sea, Essex, Essex	CO15 1RS
1T3TEC	Whitehaven Jobcentre	The Council Offices, The Copeland Centre, Catherine Street, Whitehaven, Cumbria, Cumbria and Lancashire	CA28 7SJ
2XRYEJ	Kingís Lynn Jobcentre	Lovell House, St. Nicholas Street, Kings Lynn, Norfolk, East Anglia	PE30 1LR
RSVW1	Haverfordwest Jobcentre	16-20 Quay Street, Haverfordwest, Pembrokeshire, South West Wales	SA61 1BH
28AZBS	Great Yarmouth Jobcentre	Copperfield House, The Conge, Great Yarmouth, Norfolk, East Anglia	NR30 1EJ
3G3H0	Clay Cross Jobcentre	Bridge Street, Clay Cross, Derbyshire, Derbyshire	S45 9EF
DS0XR	Leeds Eastgate Jobcentre	35 Eastgate, Leeds, West Yorkshire, West Yorkshire	LS2 7RE
2DV1CC	Heanor Jobcentre	High Street, Heanor, Derbyshire, Derbyshire	DE75 7EZ
1DY6AE	Bradford Eastbrook Court Jobcentre	50 Vicar Lane, Bradford, West Yorkshire, West Yorkshire	BD1 5AH
1AAVH2	Rutherglen Jobcentre	3 MacDonald Street, Rutherglen, Lanarkshire, Glasgow, Lanarkshire and East Dunbartonshire	G73 2QW
21BA94	Cardiff Alexandra House Jobcentre	Alexandra House, 377 Cowbridge Road, Cardiff, South Glamorgan, South East Wales	CF5 1WU
F7PHV	Romford Jobcentre	Crown House, 30 Main Road, Romford, Essex, East London	RM1 3HH
252KBS	Blaydon Jobcentre	St Cuthberts Way, Blaydon, Tyne and Wear, Tyne & Wear	NE21 5AD
1DCGMN	Staveley Jobcentre	Devonshire Buildings, Duke Street, Staveley, Derbyshire, Derbyshire	S43 3NU
1H04D9	Bangor Jobcentre	322-330 High Street, Bangor, Gwynedd, North and Mid Wales	LL57 1YA
2JPKHC	Bridgwater Jobcentre	Hanover House, Northgate, Bridgwater, Somerset, Wessex	TA6 3HJ
18513M	Maryhill Jobcentre	1460-1470 Maryhill Road, Glasgow, Lanarkshire, Glasgow, Lanarkshire and East Dunbartonshire	G20 9DH
2RH5MC	Stretford Jobcentre	Arndale House, Chester Road, Stretford, Manchester, Greater Manchester, Greater Manchester Central & Cheshire Community	M32 9ED
HDJDA	Milford Haven Jobcentre	Cedar Court, Milford Haven, Pembrokeshire, South West Wales	SA73 3LS
1EWVD2	Jarrow Jobcentre	56-64 Ellison Street, Jarrow, Tyne and Wear, Tyne & Wear	NE32 3BX
HMA3W	Bodmin Jobcentre	71A Fore Street, Bodmin, Cornwall, Devon and Cornwall	PL31 2JB
2KEANP	Twickenham Jobcentre	Chatsworth House, 59-63 London Road, Twickenham, Middlesex, West London	TW1 3SZ
VMGB0	Workington Jobcentre	Simon House, 197-199 Vulcans Lane, Workington, Cumbria, Cumbria and Lancashire	CA14 2BW
1ZRA3A	Littlehampton Jobcentre	Crown Building, 33 Church Street, Littlehampton, West Sussex, Surrey and Sussex	BN17 5ER
2SC909	Uxbridge Jobcentre	Uxbridge Pavilions, Units 22-26 Market Square, Uxbridge, Middlesex, Greater London	UB8 1LH
2V946F	Dunfermline Jobcentre	Merchiston House, Foundry Street, Dunfermline, Fife, East and South East of Scotland	KY12 9DF
27H1G7	Ramsgate Jobcentre	Queens House, Queens Street, Ramsgate, Kent, Kent	CT11 9EW
2M60QT	Irlam Jobcentre	Irlam Library, Liverpool Road, Irlam, Manchester, Lancashire	M44 6FD
21GN8	Blackburn Jobcentre	Orchard House, Penny Street, Blackburn, Lancashire, Cumbria and Lancashire	BB1 6HA
1WTHAQ	Yardley Jobcentre	1630 Coventry Road, Yardley, Birmingham, West Midlands, Birmingham and Solihull	B26 1AW
1K9NCB	Margate Jobcentre	Mill House, West Wing, Mill Lane, Margate, Kent, Kent	CT9 1LB
2AK775	London Bridge Jobcentre	Coburg House, 63-67 Newtington Causeway, London, South London	SE1 6LS
137HA0	Grimsby Bridge House Jobcentre	Bridge House, 225 Victoria Street, Grimsby, Lincolnshire, North East Yorkshire and the Humber	DN31 1NH
1ES0CJ	Darlington Jobcentre	Bondgate House, 90 Bondgate, Darlington, County Durham, Durham, Tees Valley	DL3 7JY
1YQKW6	Handsworth Jobcentre	Temple Row House, 25-45 Soho Road, Handsworth, Birmingham, West Midlands, Birmingham and Solihull	B21 9SL
14YSKY	Huntingdon Jobcentre	2-6 Hartford Road, Huntingdon, Cambridgeshire, East Anglia	PE29 3PB
QZ4CF	Aintree Jobcentre	70 Walton Vale, Aintree, Liverpool, Merseyside, Merseyside	L9 2BU
2YVBHB	Warrington Jobcentre	Nolan House, 10 Mersey Street, Warrington, Cheshire, Greater Manchester Central & Cheshire Community	WA1 2BL
214KK6	Watford Jobcentre	Exchange House, 60 Exchange Road, Watford, Hertfordshire, Bedfordshire and Hertfordshire	WD18 0JJ
SNN57	Stockwell Jobcentre	155-157 Clapham Road, Stockwell, London, South London	SW9 0QQ
2JZCT0	Bootle Jobcentre	218 Stanley Road, Bootle, Merseyside, Merseyside	L20 3PN
2E95GD	Waltham Cross Jobcentre	235 High Street, Waltham Cross, Hertfordshire, Bedfordshire and Hertfordshire	EN8 7BA
42T3	Cannock Jobcentre	Government Buildings, Beecroft Road, Cannock, Staffordshire, Staffordshire and Shropshire	WS11 1JR
2RHABQ	Witham Jobcentre	2-3 Freebournes Court, Newland Street, Witham, Essex, Essex	CM8 2BL
AAA5S	Derby Forester House Jobcentre	Forester House, Becket Street, Derby, Derbyshire, Derbyshire	DE1 1NW
R51HV	Cowdenbeath Jobcentre	6 Pit Road, Cowdenbeath, Fife, East and South East of Scotland	KY4 9NQ
VAPKB	Rayleigh Jobcentre	10 London Hill, Rayleigh, Essex, Essex	SS6 7HR
2XJNKY	Barnstaple Jobcentre	Princess House, Queen Street, Barnstaple, Devon, Devon and Cornwall	EX32 8HD
JTRT4	Rotherham Chantry House Jobcentre	Chantry House, Douglas Street, Rotherham, South Yorkshire, South Yorkshire	S60 2DL
1VPC1M	Barking Jobcentre	Phoenix House, 12-14 Wakering Road, Barking, Essex, East London	IG11 8QB
2J9SR	Launceston Jobcentre	11 Tower Street, Launceston, Cornwall, Devon and Cornwall	PL15 8BQ
GBST8	Blackpool North Queen Street Jobcentre	43 Queen Street, Blackpool, Lancashire, Cumbria and Lancashire	FY1 1HQ
1KSK4R	Spen Valley Jobcentre	411 Bradford Road, Liversedge, West Yorkshire, West Yorkshire	WF15 6DD
5R5SK	Leith Jobcentre	199 Commercial Street, Leith, Edinburgh, Midlothian, East and South East of Scotland	EH6 6QP
7ADX4	Hexham Jobcentre	St. Andrew's House, Haugh Lane, Hexham, Northumberland, Tyne & Wear	NE46 3NF
2P276P	Blackpool South Jobcentre	Tyldesley Road, Blackpool, Lancashire, Cumbria and Lancashire	FY1 5DJ
1HRNAV	Colchester Jobcentre	40 Chapel Street South, Colchester, Essex, Essex	CO2 7AZ
4YYW9	Immingham Jobcentre	4-6 Kennedy Way, Immingham, North East Lincolnshire, North East Yorkshire and the Humber	DN40 2AE
2133JK	Merthyr Tydfil Jobcentre	Ty Bethesda, Av De Clichy, Merthyr Tydfil, Mid Glamorgan, South East Wales	CF47 8AS
2913SM	Rusholme Jobcentre	96 Wilmslow Road, Rusholme, Manchester, Greater Manchester, Greater Manchester Central & Cheshire Community	M14 5BJ
10C5T1	Clapham Common Jobcentre	Maritime House, Old Town, London, South London	SW4 0JW
15XM4R	Wrexham Jobcentre	Ty Maelor, 15-17 Grosvenor Road, Wrexham, Clywd, North and Mid Wales	LL11 1BW
CSFSV	Lerwick Jobcentre	Charlotte House, Commercial Road, Lerwick, Shetland, Highlands, Islands, Clyde Coast and Grampian	ZE1 0LQ
BQ5H0	Chatham Jobcentre	Crown House, The Brook, Chatham, Kent, Kent	ME4 4LQ
1HF8S1	Gorseinon Jobcentre	42-44 Lime Street, Gorseinon, Swansea, West Glamorgan, South West Wales	SA4 4EH
EFN3G	Epsom Jobcentre	50 East Street, Epsom, Surrey, Surrey and Sussex	KT17 1HQ
2PPNNS	Kirkby Jobcentre	St. Chad's House, St. Chad's Parade, Kirkby, Liverpool, Merseyside, Merseyside	L32 8RW
26YJ1S	Runcorn Andrew House Halton Lea Jobcentre	Andrew House, Halton Lea Shopping Centre, Runcorn, Cheshire, Merseyside	WA7 2FQ
1YAX04	Irvine Jobcentre	121-125 High Street, Irvine, Ayrshire, West Scotland	KA12 8AA
9NACK	Chesterfield Jobcentre	Markham House, Markham Road, Chesterfield, Derbyshire, Derbyshire	S40 1TG
SH0Q3	Mold Jobcentre	St. Davids Lane, Mold, Flintshire, North and Mid Wales	CH7 1LH
22T7Y5	Ipswich Jobcentre	St. Felix House, Silent Street, Ipswich, Suffolk, East Anglia	IP1 1TF
1Q3F5G	Morpeth Jobcentre	Fountain House, New Market, Morpeth, Northumberland, Tyne & Wear	NE61 1LA
2B6DQF	Trowbridge Jobcentre	Aplin House, Bythesea Road, Trowbridge, Wiltshire, Wessex	BA14 8XR
2ANVK9	Glenrothes Jobcentre	3 Postgate, Glenrothes, Fife, East and South East of Scotland	KY7 5LL
RM5S1	Loughton Jobcentre	284 High Road, Loughton, Essex, Essex	IG10 1RH
2VE3G	Willesden Jobcentre	Chancel House, Neasden Lane, London, West London	NW10 2XH
2JM146	Harwich Jobcentre	164-168 High Street, Dovercourt, Harwich, Essex, Essex	CO12 3AT
1HZB7F	Bolton Jobcentre	52 Blackhorse Street, Bolton, Lancashire, Greater Manchester East and West	BL1 1SX
2Q8491	Norris Green Jobcentre	150 Parthenon Drive, Norris Green, Liverpool, Merseyside, Merseyside	L11 5BN
2XA4CH	Aldershot Jobcentre	South Western House, Station Road, Aldershot, Hampshire, Hampshire and Isle of Wight	GU11 1HP
1MGK3V	Peterborough Jobcentre Plus	Clifton House, 84 Broadway, Peterborough, Cambridgeshire, East Anglia	PE1 1QZ
2W6YRZ	Highgate Jobcentre	1A Elthorne Road, Highgate Hill, London, North London	N19 4AL
1SCW83	Batley Jobcentre	26 Wellington Street, Batley, West Yorkshire, West Yorkshire	WF17 5HZ
2GAYXR	Stourbridge Jobcentre	Scotland House, 169 Lower High Street, Stourbridge, West Midlands, Black Country	DY8 1ES
2YZ565	Altrincham Jobcentre	Roberts House, 80 Manchester Road, Altrincham, Greater Manchester, Greater Manchester Central & Cheshire Community	WA14 4PU
27Y7R0	Tunbridge Wells Jobcentre	88 Grosvenor Road, Tunbridge Wells, Kent, Kent	TN1 2AX
19KERS	Huyton Jobcentre	Edendale House, Lathom Road, Huyton, Liverpool, Merseyside, Merseyside	L36 9XS
GEV84	Scarborough Albion House Jobcentre	Albion House, Northway, Scarborough, North Yorkshire, North East Yorkshire and the Humber	YO12 7AN
2J30P	Middlesbrough James Cook House Jobcentre	James Cook House, 79 Corporation Road, Middlesbrough, Teeside, Durham, Tees Valley	TS1 2BA
TT8MH	Holyhead Jobcentre	The Old Vicarage, Newry Street, Holyhead, Anglesey, North and Mid Wales	LL65 1DB
2GM3YH	Sittingbourne Roman House Jobcentre	Roman House, 9 Roman Square, Sittingbourne, Kent, Kent	ME10 4BP
1QB6V7	Leominster Jobcentre	Lion Court, New Street, Leominster, Herefordshire, Mercia	HR6 8JE
1P7FSF	Poplar Jobcentre	13 Dod Street, Poplar, London, East London	E14 7EP
2VC34E	Richmond Jobcentre	Victoria Road, Richmond, North Yorkshire, North East Yorkshire and the Humber	DL10 4AS
24GG87	Bromley Jobcentre	Unicorn House, Second Floor, 28 Elmfield Road, Bromley, Kent, South London	BR1 1NX
9STW8	Lanark Jobcentre	Atholl House, 55-57 Bannatyne Street, Lanark, Lanarkshire, Glasgow, Lanarkshire and East Dunbartonshire	ML11 7NR
2EZ78E	Southwick Jobcentre	Stoney Lane, Southwick, Sunderland, Tyne and Wear, Tyne & Wear	SR5 2JB
17WV3P	Dartford Jobcentre	61 Lowfield Street, Dartford, Kent, Kent	DA1 1JY
ETGZ4	Loughborough Jobcentre	2 Lemyngton Street, Loughborough, Leicestershire, Leicestershire and Northamptonshire	LE11 1UY
J9V2H	Leicester New Walk Jobcentre	2A New Walk, Leicester, Leicestershire, Leicestershire and Northamptonshire	LE1 6TF
1TQK57	Weybridge Jobcentre	Fortune House, 7 - 13 Monument Hill, Weybridge, Surrey, Surrey and Sussex	KT13 8RX
MKRD	Bristol, Easton Jobcentre	442-450 Stapleton Road, Eastville, Bristol, Avon, Gloucester & West of England	BS5 6NR
1PNC3A	Torquay Jobcentre	Regal House, Castle Circus, Torquay, Devon, Devon and Cornwall	TQ1 3JQ
17Z8YE	Hatfield Jobcentre	Black Horse House, 36 Salisbury Square, Hatfield, Hertfordshire, Bedfordshire and Hertfordshire	AL9 5AF
18M23G	Edinburgh City  Jobcentre(18 - 24)	11-13 South St. Andrew Street, Edinburgh, Midlothian, East and South East of Scotland	EH2 2BT
2XV5CG	Shettleston Jobcentre	955 Shettleston Road, Shettleston, Glasgow, Lanarkshire, Glasgow, Lanarkshire and East Dunbartonshire	G32 7NY
2JMDA8	Llantrisant Jobcentre	17 Ely Valley Road, Talbot Green, Pontyclun, South Glamorgan, South West Wales	CF72 8AL
8FQ2J	Castleford Jobcentre	Centurion House, Bank Street, Castleford, West Yorkshire, West Yorkshire	WF10 1HY
2J610H	Saltcoats Jobcentre	13 Dockhead Street, Saltcoats, Ayrshire, West Scotland	KA21 5EZ
BFBNK	Leiston Jobcentre	Leiston Enterprise Centre, Eastlands Industrial Estate, Leiston, Suffolk, East Anglia	IP16 4US
1KRZ3B	Long Eaton Jobcentre	Fletcher Street, Long Eaton, Nottinghamshire, Derbyshire	NG10 1JU
13G8WN	Skipton Jobcentre	Cavendish House, Newmarket Street, Skipton, North Yorkshire, North East Yorkshire and the Humber	BD23 2HN
1YQECH	Hanley Jobcentre	91 Upper Huntbach Street, Hanley, Stoke on Trent, Staffordshire, Staffordshire and Shropshire	ST1 2BX
6M2N9	Newlands Jobcentre	8 Coustonholm Road, Glasgow, Lanarkshire, Glasgow, Lanarkshire and East Dunbartonshire	G43 1SS
T854X	Stamford Jobcentre	13 St Johns Street, Stamford, Lincolnshire, Nottinghamshire, Lincolnshire and Rutland	PE9 2DB
2MWK8C	Easterhouse Jobcentre	40 Shandwick Street, Easterhouse, Glasgow, Lanarkshire, Glasgow, Lanarkshire and East Dunbartonshire	G34 9DR
YHYXG	Wallasey Jobcentre	Dominick House, St. Albans Road, Wallasey, Wirral, Merseyside	CH44 5XY
2R47QZ	Williamson Square Jobcentre	20 Williamson Square, Liverpool, Merseyside, Merseyside	L1 1PW
38CJ2	Edmonton Jobcentre	112-118 Fore Street, Edmonton, London, North London	N18 2XA
24AV76	Didcot Jobcentre	130A The Broadway, Didcot, Oxfordshire, Thames Valley	OX11 8DB
18MJWY	Dudley Jobcentre	Alexander House, 32 Wolverhampton Street, Dudley, West Midlands, Black Country	DY1 1JR
271Q4T	Falkirk Jobcentre	Heron House, 10B Wellside Place, Falkirk, Stirlingshire, East and South East of Scotland	FK1 5SE
1PR60G	Abertillery Jobcentre	Portland Street, Abertillery, Gwent, South East Wales	NP13 1YG
1MM9N7	Ellesmere Port Jobcentre	1-3 Mercer Walk, Port Arcades Shopping Centre, Ellesmere Port, Cheshire, Greater Manchester Central & Cheshire Community	CH65 0AP
9GW5N	York Stonebow Jobcentre	Stonebow House, The Stonebow, York, North Yorkshire, North East Yorkshire and the Humber	YO1 7FB
JS5Q2	York Monkgate Jobcentre	11-17 Monkgate, York, North Yorkshire, North East Yorkshire and the Humber	YO31 7JZ
SZYNF	Bracknell Jobcentre	Fitzwilliam House, Skimped Hill, Bracknell, Berkshire, Thames Valley	RG12 1JX
MNXVM	Aylesbury Jobcentre	Sunley House, Oxford Road, Aylesbury, Buckinghamshire, Thames Valley	HP19 8EZ
1R92KQ	Stockton Jobcentre	Daryl House, Bridge Road, Stockton On Tees, Cleveland, Durham, Tees Valley	TS18 3BW
S695K	Hemsworth Jobcentre	Low Hall, Market Street, Hemsworth, Pontefract, West Yorkshire, West Yorkshire	WF9 4HP
2EJC71	Congleton Jobcentre	Wagg Street, Congleton, Cheshire, Greater Manchester Central & Cheshire Community	CW12 4BD
2TX5SQ	Ashton-U-Lyne Jobcentre	101 Old Street, Ashton-under-Lyme, Lancashire, Greater Manchester East and West	OL6 6BJ
1WZ6EW	Barrhead Jobcentre	20 Paisley Road, Barrhead, Glasgow, Lanarkshire, West Scotland	G78 1NF
RCT55	Bury Jobcentre	Silver Street, Bury, Lancashire, Greater Manchester East and West	BL9 0DP
5V4CJ	Bulwell Jobcentre	Sovereign House, Bulwell High Road, Bulwell, Nottingham, Nottinghamshire, Nottinghamshire, Lincolnshire and Rutland	NG6 8HX
E3KVZ	Hoylake Jobcentre	Town Hall Chambers, 1 The Quadrant, Hoylake, Wirral, Merseyside	CH47 2EE
386T2	Plymouth Old Tree Court Jobcentre	Sutton Harbour, Old Tree Court, 64 Exeter Street, Plymouth, Devon, Devon and Cornwall	PL4 0AJ
J1W2H	Leicester Wellington Street Jobcentre	60 Wellington Street, Leicester, Leicestershire, Leicestershire and Northamptonshire	LE1 6DS
4WGGS	Gravesend Jobcentre	44-46 The Grove, Gravesend, Kent, Kent	DA12 1DF
2231P6	Wandsworth Jobcentre	Jessica House, 191 Wandsworth High Street, Red Lion Square, London, West London	SW18 4LS
EFWP2	Edge Hill Jobcentre	Kinglake House, Shenstone Street, Liverpool, Merseyside, Merseyside	L7 3PF
72CTA	Kirkcaldy Jobcentre	5 Hunter Street, Kirkcaldy, Fife, East and South East of Scotland	KY1 1ED
A7HXP	Stranraer Jobcentre	12 St. John Street, Stranraer, Dumfries & Galloway, West Scotland	DG9 7EL
9QJCB	Wembley Jobcentre	6 St. Johns Road, Wembley, Middlesex, West London	HA9 7JD
2B8ZVY	Streatham Jobcentre	Crown House, Station Aproach, Streatham, London, South London	SW16 6HW
1RNC6B	Winchester Jobcentre	Citygate, 1-8 City Road, Winchester, Hampshire, Hampshire and Isle of Wight	SO23 8GA
J4TFN	Newport (IOW) Jobcentre	Broadlands House, Staplers Road, Newport, Isle of Wight, Hampshire, Hampshire and Isle of Wight	PO30 2HX
11GD9R	Crewe Jobcentre	Wellington House, 38-44 Delemere Street, Crewe, Cheshire, Greater Manchester Central & Cheshire Community	CW1 2JY
210WRJ	Ashford Jobcentre	International House, Dover Place, Ashford, Kent, Kent	TN23 1HT
1GE698	Doncaster Jobcentre	Crossgate House, Wood Street, Doncaster, South Yorkshire, South Yorkshire	DN1 3LL
VZM7J	Crosby Jobcentre	29 Hougoumont Avenue, Liverpool, Merseyside, Merseyside	L22 0PB
27F49Q	Toxteth Jobcentre	7 High Park Street, Toxteth, Liverpool, Merseyside, Merseyside	L8 8DY
PJZW8	Bideford Jobcentre	Northbank House, North Road, Bideford, Devon, Devon and Cornwall	EX39 2NR
2NT16B	Barnsbury Jobcentre (IKC)	1 Barnsbury Road, Islington, London, North London	N1 0EX
B0PGC	Hastings Jobcentre	Heron House, 149-159 London Road, St Leonards on Sea, Hastings, East Sussex, Surrey and Sussex	TN37 6LJ
58329	Girvan Jobcentre	Carrick Opportunities Centre, 20a Henrietta Street, Girvan, West Scotland	KA26 9AL
SC3BR	Wigan Jobcentre	Brocol House, 71 King Street, Wigan, Lancashire, Greater Manchester East and West	WN1 1EA
21S4X6	Cosham Jobcentre	Wynnstay House, 121 High Street, Cosham, Hampshire, Hampshire and Isle of Wight	PO6 3DR
1QCTBG	Anniesland Jobcentre	21 Herschell Street, Anniesland, Glasgow, Lanarkshire, Glasgow, Lanarkshire and East Dunbartonshire	G13 1HT
2777KQ	Bridgeton Jobcentre	9 Muslin Street, Bridgeton, Glasgow, Lanarkshire, Glasgow, Lanarkshire and East Dunbartonshire	G40 4AZ
1QMKAJ	Northallerton Jobcentre	Elder House, East Road, Northallerton, North Yorkshire, North East Yorkshire and the Humber	DL6 1NU
4NX0E	Kilburn Jobcentre	3 Cambridge Avenue, Kilburn, Kilburn, Middlesex, West London	NW6 5AH
ZZW2G	Fort William Jobcentre	Waverley House, High Street, Fort William, Invernesshire, North Scotland	PH33 6XX
2YKTX3	Leven Jobcentre	9 Waggon Road, Leven, Fife, East and South East of Scotland	KY8 4PT
TR0D3	Caerphilly Jobcentre	Castle Street, Caerphilly, Mid Glamorgan, South East Wales	CF83 1UA
FVPW8	St Albans Jobcentre	Beauver House, 6 Bricket Road, St. Albans, Hertfordshire, Bedfordshire and Hertfordshire	AL1 3JU
1XD72W	Grays Jobcentre	1 - 2 Derby Road, Grays, Essex, Essex	RM17 6QQ
6YGF7	Maidstone Jobcentre	County Gate 1, Staceys Street, Maidstone, Kent, Kent	ME14 1ST
2ARAWN	Weymouth Jobcentre	Westwey House, Westwey Road, Weymouth, Dorset, Wessex	DT4 8TG
139WQJ	Madeley Jobcentre	Church Street, Madeley, Telford, Shropshire, Staffordshire and Shropshire	TF7 5RH
1WP72X	Newbury Jobcentre	Cromwell House, 22 Oxford Street, Newbury, Berkshire, Thames Valley	RG14 1JB
1MK9EJ	Bromborough Jobcentre	Port Causeway House, 1 Port Causeway, Bromborough, Wirral, Merseyside	CH62 4TG
2M12BP	Amlwch Jobcentre	C/o Parys Training, Unit 2, Site 9, Amlwch Business Park, Amlwch	LL68 9BQ
2AR7HW	Musselburgh Jobcentre	North House, Eskmills Park, Station Road, Musselburgh, East Lothian, East and South East of Scotland	EH21 7DU
14MPZT	Cardiff Charles Street Jobcentre	64 Charles Street, Cardiff, South Glamorgan, South East Wales	CF10 2GS
FY6Z9	Woodbridge Jobcentre	59 The Thoroughfare, Woodbridge, Suffolk, East Anglia	IP12 1AJ
1JYQ5P	Wilmslow Jobcentre	Venture House, 46-52 Water Lane, Wilmslow, Cheshire, Greater Manchester Central & Cheshire Community	SK9 5AH
1TMDG0	Springburn Jobcentre	200 Atlas Road, Springburn, Glasgow, Lanarkshire, Glasgow, Lanarkshire and East Dunbartonshire	G21 4DL
1PGZ02	Govan Jobcentre	779-787 Govan Road, Govan, Glasgow, Lanarkshire, Glasgow, Lanarkshire and East Dunbartonshire	G51 3JY
14N86R	Pontypridd Jobcentre	Oldway House, Broadway, Pontypridd, Mid Glamorgan, South West Wales	CF37 4SP
1S26P9	Hawick Jobcentre	5-9 North Bridge Street, Hawick, Roxburghshire, East and South East of Scotland	TD9 9RH
AVZ15	Alloa Jobcentre	17 Mar Street, Alloa, Clackmannanshire, East and South East of Scotland	FK10 1LX
3XCZC	Langside Jobcentre	152-158 Battlefield Road, Glasgow, Lanarkshire, Glasgow, Lanarkshire and East Dunbartonshire	G42 9JT
1KWXED	Newcastle under Lyme Jobcentre	Paradise Street, Newcastle-under-Lyme, Staffordshire, Staffordshire and Shropshire	ST5 1RS
6G1BP	Dewsbury Jobcentre	Crown Buildings, Rishworth Road, Dewsbury, West Yorkshire, West Yorkshire	WF12 8EF
18F81F	Guildford Jobcentre	Leys House, 86-88 Woodbridge Road, Guildford, Surrey, Surrey and Sussex	GU1 4QD
X57M9	Beccles Jobcentre	1-5 Hungate Court, Beccles, Norfolk, East Anglia	NR34 9TR
2DZW7A	Campbeltown Jobcentre	40 Hall Street, Campbeltown, Argyll, West Scotland	PA28 6BZ
10J91C	Bury St Edmunds Jobcentre	St. Andrews House, St. Andrews Street North, Bury St. Edmunds, Suffolk, East Anglia	IP33 1TT
2MFXVT	Bridgnorth Jobcentre	Severn Street, Lowtown, Bridgnorth, Shropshire, Staffordshire and Shropshire	WV15 6BP
TT903	Milton Keynes Southgate House Jobcentre	Southgate House (CPS), 499 Midsummer Boulevard, Milton Keynes, Buckinghamshire, Berkshire, Buckinghamshire and Oxfordshire	MK9 3BN
2DMC34	Llangefni Jobcentre	Government Buildings, Bridge Street, Llangefni, Anglesey, North and Mid Wales	LL77 7YJ
2H766H	Aberdeen Ebury Jobcentre	Ebury House, 14 Dee Street, Aberdeen, Aberdeenshire, North Scotland	AB11 6DR
19W62G	Bishop Auckland Jobcentre	35 Market Place, Bishop Auckland, County Durham, Durham, Tees Valley	DL14 7NX
25Z0W	Cumbernauld Jobcentre	3 South Murihead Road, Cumbernauld, Lanarkshire, Glasgow, Lanarkshire and East Dunbartonshire	G67 1AX
2R1ST2	Malvern Jobcentre	The Library, Graham Road, Malvern, Worcestershire, Mercia	WR14 2HU
1Y5YAQ	Hartlepool Jobcentre	Ward Jackson House, Wesley Square, Hartlepool, County Durham, Durham, Tees Valley	TS24 8EZ
1XSH9V	Staines Jobcentre	62 London Road, Staines, Surrey, Surrey and Sussex	TW18 4HB
1BP05W	Leyland Jobcentre	71 Towngate, Leyland, Preston, Lancashire, Cumbria and Lancashire	PR25 2LR
266T1K	Newhaven Jobcentre	55 High Street, Newhaven, East Sussex, Surrey and Sussex	BN9 9PA
9723F	Newton Abbot Jobcentre	Sherborne House, Kingsteignton Road, Newton Abbot, Devon, Devon and Cornwall	TQ12 2PG
1QDS4G	St Austell Jobcentre	Treleaven House, 17 South Street, St. Austell, Cornwall, Devon and Cornwall	PL25 5TY
4NTHT	Nottingham Station Street Jobcentre	25 Station Street, Nottingham, Nottinghamshire, Nottinghamshire, Lincolnshire and Rutland	NG2 3BZ
4DP10	Billingham Jobcentre	Theatre House, Kingsway, Billingham, Cleveland, Durham, Tees Valley	TS23 2NA
17537G	Carlisle Jobcentre	Broadacre House, 16 - 20 Lowther Street, Carlisle, Cumbria, Cumbria and Lancashire	CA3 8DA
14YWZK	Aberdare Jobcentre	Crown Buildings, Greenbach, Aberdare, Mid Glamorgan, South West Wales	CF44 7HU
25EC0V	Barrow Jobcentre	Craven House, Michaelson Road, Barrow-in-Furness, Cumbria, Cumbria and Lancashire	LA14 1AE
2TCCQ9	Leicester Charles Street Jobcentre	2 Charles Street, Leicester, Leicestershire, Leicestershire and Northamptonshire	LE1 3JD
202F2G	Camberley Jobcentre	185-187 London Road, Camberley, Surrey, Surrey and Sussex	GU15 3JS
2J90YP	Enfield Jobcentre	34 Windmill Hill, Enfield, Middlesex, North London	EN2 7AL
2SG71	Washington Jobcentre	Pennine House, Town Centre, Washington, Tyne and Wear, Tyne & Wear	NE37 1LY
S352S	Kingston Jobcentre	3 Brook Street, Kingston-upon-Thames, Surrey, West London	KT1 2EY
1AXDRM	Chester Jobcentre	Chantry House, 55-59 City Road, Chester, Cheshire, Greater Manchester Central & Cheshire Community	CH1 3AQ
1S3P7H	Worcester Jobcentre	Haswell House, Sansome Street, Worcester, Worcestershire, Mercia	WR1 1UZ
16XT19	Melton Mowbray Jobcentre	Parkside Station Approach, Burton Street, Melton Mowbray, Leicestershire, Leicestershire and Northamptonshire	LE13 1GH
137Y3D	Rawtenstall Jobcentre	Bacup Road, Rawtenstall, Rossendale, Lancashire, Cumbria and Lancashire	BB4 7NH
MMN40	Nottingham Parliament St Jobcentre	The Pearson Buillding, 57-59 Upper Parliament Street, Nottingham, Nottinghamshire, Nottinghamshire, Lincolnshire and Rutland	NG1 6AX
1P2MTE	Mountain Ash Jobcentre	New County Road, Mountain Ash, Mid Glamorgan, South West Wales	CF45 4HU
C7TBW	Hull Market Place Jobcentre	Southchurch Side, Market Place, Hull, East Yorkshire, North East Yorkshire and the Humber	HU1 1RU
1MYA1M	East Ham Jobcentre	473 Barking Road, East Ham, London, East London	E6 2LL
2S9KN5	Penicuik Jobcentre	25 John Street, Penicuik, Midlothian, East and South East of Scotland	EH26 8HN
18QRQX	Dumbarton Jobcentre	15 Meadowbank Street, Dumbarton, Dumbartonshire, West Scotland	G82 1SJ
25SS5J	Penarth Jobcentre	Charnwood House, Plymouth Road, Penarth, Glamorgan, South East Wales	CF64 3DA
DXF8P	Rochdale Jobcentre	2 Fleece Street, Rochdale, Lancashire, Greater Manchester East and West	OL16 1LT
2JZASZ	Partick Jobcentre	20 Benalder Street, Partick, Glasgow, Lanarkshire, Glasgow, Lanarkshire and East Dunbartonshire	G11 6QN
6KAAZ	East Kilbride Jobcentre	55 The Plaza, East Kilbride, Lanarkshire, Glasgow, Lanarkshire and East Dunbartonshire	G74 1LW
2C5S9B	Redbridge Jobcentre	564-570 High Road, Seven Kings, Ilford, Essex, East London	IG3 8EJ
5MRNK	Waltham Forest - Youth Hub: Age 16-24 only	Dansom House, 656A Forest Road, Walthamstow, London, East London	E17 3SH
YDRQV	Eyemouth Jobcentre	Upper Houndlow, Eyemouth, Berwickshire, East and South East of Scotland	TD14 5BS
10W5RN	Hoxton Jobcentre	30 Drysdale Street, Hoxton, London, East London	N1 6LT
1JZ87F	Bognor Regis Jobcentre	Gloucester House, High Street, Bognor Regis, West Sussex, Surrey and Sussex	PO21 1HH
28W47F	Dolgellau Jobcentre	Government Buildings, Arran Road, Dolgellau, Gwynedd, North and Mid Wales	LL40 1BP
2HCG0N	Newark Jobcentre	41 Lombard Street, Newark, Nottinghamshire, Nottinghamshire, Lincolnshire and Rutland	NG24 1EP
E85AW	Taunton Jobcentre	Brendon House, 35-36 High Street, Taunton, Somerset, Wessex	TA1 3NY
Z2ES4	St Helens Jobcentre	Gregson House, 2 Central Street, St. Helens, Merseyside, Merseyside	WA10 1UF
HEDEK	Shepherds Bush Jobcentre	176-180 Uxbridge Road, Shepherds Bush, London, West London	W12 7JP
1ZWR85	Porth Jobcentre	35 Hannah Street, Porth, Mid Glamorgan, South West Wales	CF39 9RB
2HYF14	Southend Jobcentre	Dencora Court, Tylers Avenue, Southend-on-Sea, Essex, Essex	SS1 2AP
1DBTH7	Wakefield Jobcentre	Crowther House, Thornhill Street, Wakefield, West Yorkshire, West Yorkshire	WF1 1PL
1E7QJ0	Wick Jobcentre	Government Buildings, Girnigoe Street, Wick, Caithness, North Scotland	KW1 4HJ
13EZ3D	Sutton Coldfield Jobcentre	King Edward Court, 2 Railway Road, Sutton Coldfield, West Midlands, Birmingham and Solihull	B73 6AY
2WMXAJ	Wester Hailes Jobcentre	Murrayburn House, 1 Wester Hailes Centre, Edinburgh, Midlothian, East and South East of Scotland	EH14 2SP
184F4G	Durham Jobcentre	Elvet House, Hallgarth Street, Durham, County Durham, Durham, Tees Valley	DH1 3BP
SNXC2	Bath Jobcentre	Somerset Hall, Somerset Street, Bath, Avon, Gloucester & West of England	BA1 1TS
1T4YWE	Solihull Jobcentre	Park House, 74 New Road, Solihull, West Midlands, Birmingham and Solihull	B91 3DR
T53GS	Walsall Bridle Court Jobcentre	1-5 Hatherton Road, Walsall, West Midlands, Black Country	WS1 1XR
2CR891	Guisborough Jobcentre	Nathan House, Northgate, Guisborough, County Durham, Durham, Tees Valley	TS14 6JS
1YPT49	Sleaford Jobcentre	Ground Floor, Kesteven Street, Sleaford, Lincolnshire, Lincolnshire and Rutland	NG34 7EF
2P5QTX	Burton On Trent Jobcentre	Crown House, New Street, Burton-on-Trent, Staffordshire, Staffordshire and Shropshire	DE14 3SN
KXC85	Market Drayton Jobcentre	51 Stafford Street, Market Drayton, Shropshire, Staffordshire and Shropshire	TF9 1JF
6MY6Y	Oldbury Jobcentre	1 Church Street, Oldbury, West Midlands, Black Country	B69 3AD
2D4FQ6	Sheffield Cavendish Court Jobcentre	Cavendish Court, 9 Bank Street, Sheffield, South Yorkshire, South Yorkshire	S1 2DR
2SHP8X	Matlock Jobcentre	The Phoenix Centre, 2 Lime Grove Walk, Matlock, Derbyshire, Derbyshire	DE4 3FD
20ZC77	Annan Jobcentre	Murray Street, Annan, Dumfries & Galloway, West Scotland	DG12 6JJ
2C1X4A	Felling Jobcentre	37 High Street, Felling, Tyne and Wear, Tyne & Wear	NE10 9QQ
BZREQ	Coventry Tile Hill Jobcentre	Torrington Avenue, Tile Hill, Coventry, West Midlands, Mercia	CV4 9GR
24PCDW	Selly Oak Jobcentre	Harborne Lane, Selly Oak, Birmingham, West Midlands, Birmingham and Solihull	B29 6SP
1WR9FS	Bilston Jobcentre	High Street, Bilston, West Midlands, Black Country	WV14 0DB
21ME1	Killingworth Jobcentre	Units 23 & 24, The Centre, Killingworth, Newcastle Upon-Tyne, Tyne and Wear, Tyne & Wear	NE12 6YT
1E3XVY	Houghton-le-Spring Jobcentre	Broadway House, Frederick Place, Houghton-le-Spring, Tyne and Wear, Tyne & Wear	DH4 4DL
ZK9GE	Tipton Jobcentre	69 Owen Street, Tipton, West Midlands, Black Country	DY4 8ES
2BCCYA	Halesowen Jobcentre	Maybrook House, Queensway, Halesowen, West Midlands, Black Country	B63 4AH
1ZXEH9	Bayard House Jobcentre	134-138 Lichfield Street, Walsall, West Midlands, Black Country	WS1 1SP
SM850	Hendon Jobcentre	Crown Building, 10 Finchley Lane, Hendon, London, North London	NW4 1DP
TYCRM	Brownhills Jobcentre	107 High Street, Brownhills, Walsall, West Midlands, Black Country	WS8 6HL
2T7KTM	Birmingham City Office/ Ladywood Jobcentre	65-77 Summer Row, Ladywood, Birmingham, West Midlands, Birmingham and Solihull	B3 1LB
2YA8Z6	Sunderland Jobcentre	60-66 John Street, Sunderland, Tyne and Wear, Tyne & Wear	SR1 1QT
22EK6D	Prestwich Jobcentre	1 Rectory Lane, Prestwich, Manchester, Greater Manchester, Greater Manchester East and West	M25 1BP
2CRWK5	Brecon Jobcentre	Canal Bank, Brecon, Powys, North and Mid Wales	LD3 7HL
2J83Y9	West Bromwich Jobcentre	Christchurch House, High Street, West Bromwich, West Midlands, Black Country	B70 8LG
W2JMY	Hertford Jobcentre	12-14 Parliament Square, Hertford, Herefordshire, Bedfordshire and Hertfordshire	SG14 1EF
107JHF	Stevenage Jobcentre	38-44 The Forum, Stevenage, Hertfordshire, Bedfordshire and Hertfordshire	SG1 1EZ
2Q779H	Luton Jobcentre	Cheviot House, 55 Guildford Street, Luton, Bedfordshire, Bedfordshire and Hertfordshire	LU1 2ER
6QK2T	Bexley Heath Westminster House Jobcentre	Westminster House, 186-194 Broadway, Bexleyheath, Kent, South London	DA6 7BB
24YB6C	Dereham Jobcentre	16-18 High Street, Dereham, Norfolk, East Anglia	NR19 1DX
23TN5J	Wavertree Jobcentre	92 High Street, Wavertree, Liverpool, Merseyside, Merseyside	L15 8HQ
1AHYHK	Westminster Jobcentre	Chadwick Street, Westminster, London, North London	SW1P 2ES
2TDKSH	Finchley Jobcentre	40 Ballards Lane, Finchley, London, North London	N3 2BL
2415T0	Edgware Jobcentre	Middlesex House, 29-45 High Street, Edgware, Middlesex, North London	HA8 7DX
2VKPYA	Chelmsley Wood Jobcentre	1 Chelmsley Wood Circle, Chelmsley Wood, Birmingham, West Midlands, Birmingham and Solihull	B37 5TH
A0FBN	Peckham Jobcentre	24-26 Peckham High Street, Peckham, London, South London	SE15 5DS
2R5BTK	North Shields Jobcentre	Camden Street, North Shields, Northumberland, Tyne & Wear	NE30 1ND
1391T5	Newcastle West Jobcentre	Condercum House, 171 West Road, Newcastle Upon Tyne, Tyne and Wear, Tyne & Wear	NE15 6PL
FMKQ0	Lewisham Jobcentre	19 Rushey Green, Catford, London, South London	SE6 4AZ
1WBFHV	Hayes Jobcentre	Adam House, 818-820 Uxbridge Road, Hayes, Middlesex, West London	UB4 0RS
DRRVD	Ealing Jobcentre	86-92 Uxbridge Road, West Ealing, London, West London	W13 8RA
A2HFG	Woolwich Jobcentre	Nelson House, 50 Wellington Street, Woolwich, London, South London	SE18 6PY
CGBW0	Fulham Jobcentre	Waterford House, Waterford Road, Fulham, London, West London	SW6 2DL
XMR1M	Acton Jobcentre	Armstrong Road, Acton, London, West London	W3 7JL
1Z11YA	Portree Jobcentre	Bayfield Road, Portree, Isle of Skye, North Scotland	IV51 9EN
17R1PV	Newmarket Jobcentre	Wellington Street, Newmarket, Cambridgeshire, East Anglia	CB8 0WJ
FKH5A	Accrington Jobcentre	Oakbank House, Oak Street, Accrington, Lancashire, Cumbria and Lancashire	BB5 1PJ
2T8MZM	Kirkwall Jobcentre	Government Buildings, Tankerness Lane, Kirkwall, Orkney, Highlands, Islands, Clyde Coast and Grampian	KW15 1AJ
1P5TYF	Perth Jobcentre	60-62 High Street, Perth, Perthshire, North Scotland	PH1 5TH
14WMVV	Maltby Jobcentre	1 Grange Lane, Maltby, Rotherham, South Yorkshire, South Yorkshire	S66 7DA
7JSFB	Cumnock Jobcentre	33-43 Townhead Street, Cumnock, Ayrshire, West Scotland	KA18 1JZ
17K4AH	Eccles Jobcentre	Peel House, Ground Floor, Monton Road, Eccles, Manchester, Greater Manchester, Greater Manchester Central & Cheshire Community	M30 0NA
1Y9SEZ	Corby Jobcentre	George Street, Corby, Northamptonshire, Leicestershire and Northamptonshire	NN17 1PH
1Z55A8	Daventry Jobcentre	Lodge Road, Daventry, Northamptonshire, Leicestershire and Northamptonshire	NN11 4FP
22HXP8	Sparkhill Jobcentre	Heynesfield House, 10 Stoney Lane, Sparkhill, Birmingham, West Midlands, Birmingham and Solihull	B12 8AF
ZW0QM	Kings Heath Jobcentre	3 Scott Corner, Institute Road, Kings Heath Birmingham, West Midlands, Birmingham and Solihull	B14 7EG
30VR6	Rushden Jobcentre	71 Rectory Road, Rushden, Northamptonshire, Leicestershire and Northamptonshire	NN10 0AF
2G9MZG	Witney Jobcentre	Unit A, Two Rivers Trading Estate, Station Lane, Witney, Oxfordshire, Thames Valley	OX28 4JA
8RD5J	Todmorden Jobcentre	27-31 Adelaide Street, Todmorden, Lancashire, West Yorkshire	OL14 5HT
AR87Z	Harrogate Jobcentre	Berkeley House, 35 Victoria Avenue, Harrogate, North Yorkshire, North East Yorkshire and the Humber	HG1 5PZ
29112M	Keighley Jobcentre	Worth House, Worthway, Keighley, West Yorkshire, West Yorkshire	BD21 5AG
7EF19	Treorchy Jobcentre	Oldway House, Bute Street, Treorchy, Rhonda, South West Wales	CF42 6TE
3J6EM	Pontefract Jobcentre	Challand House, Liquorice Way, Pontefract, West Yorkshire, West Yorkshire	WF8 1DR
2TC6QE	Morley Jobcentre	High Point House, 88 Queen Street, Morley, West Yorkshire, West Yorkshire	LS27 9EB
2JGYWY	Leeds Southern House Jobcentre	Southern House, 529 York Road, Leeds, West Yorkshire, West Yorkshire	LS9 6TF
2HN6FG	Louth Jobcentre	17 Eastgate, Louth, Linconshire, Nottinghamshire, Lincolnshire and Rutland	LN11 9NB
CX8M5	Montrose Jobcentre	Castlestead House, 4 Castle Place, Montrose, Angus, North Scotland	DD10 8AL
1YQ49C	Sutton In Ashfield Jobcentre	Ashbrook House, Forest Street, Sutton in Ashfield, Nottinghamshire, Nottinghamshire, Lincolnshire and Rutland	NG17 1BH
2T03TE	Crawley Jobcentre	Gresham House, 20-22 Station Road, Crawley, West Sussex, Surrey and Sussex	RH10 1EZ
1ZK6MG	Borehamwood Jobcentre	Government Offices, Elstree Way, Borehamwood, Hertfordshire, Bedfordshire and Hertfordshire	WD6 1JR
16QB3P	Havant Jobcentre	2 Elmleigh Road, Havant, Hampshire, Hampshire and Isle of Wight	PO9 2AR
2BGQNK	Chichester Jobcentre	5 Southgate, Chichester, West Sussex, Surrey and Sussex	PO19 8EH
DEP6T	Chesham Jobcentre	31 Red Lion Street, Chesham, Buckinghamshire, Thames Valley	HP5 1LD
90X4K	Herne Bay Jobcentre	22-26 Bank Street, Herne Bay, Kent, Kent	CT6 5EA
1R9682	Harlow Jobcentre	Beaufort House, Crown Gate, Harlow, Essex, Essex	CM20 1NA
JBNKQ	Felixstowe Jobcentre	29-31 Hamilton Road, Felixstowe, Suffolk, East Anglia	IP11 7AZ
CXT83	Diss Jobcentre	Church Street, Diss, Norfolk, East Anglia	IP22 4AX
E8PGQ	Oxford Jobcentre	7 Worcester Street, Gloucester Green, Oxford, Oxfordshire, Thames Valley	OX1 2BX
28V7FM	Bristol, Clevedon Jobcentre	28 Old Street, Clevedon, North Somerset, Gloucester & West of England	BS21 6BY
1K4T7Y	Bristol Central Jobcentre	Eagle House, Colston Avenue, Bristol, Avon, Gloucester & West of England	BS1 1EN
64HX2	Lymington Jobcentre	Cannon Court, 55 High Street, Lymington, Hampshire, Hampshire and Isle of Wight	SO41 9AQ
R5EXR	Newtown Jobcentre	Afon House, Park Street, Newtown, Powys, North and Mid Wales	SY16 2PZ
2AHM82	Peterlee Jobcentre	Hatfield House, St. Cuthberts Road, Peterlee, County Durham, Durham, Tees Valley	SR8 1PB
2QQP2M	Tonbridge Jobcentre	Crown Buildings, Bradford Street, Tonbridge, Kent, Kent	TN9 1DU
12KNWD	Bristol, Horfield Jobcentre	1 Monks Park Avenue, Horfield, Bristol, Avon, Gloucester & West of England	BS7 0UD
B4NP8	Eltham Jobcentre	1 Passey Place, Eltham, London, South London	SE9 5DA
9EDDT	Middlesbrough East Jobcentre	Beresford Building, The Greenway, Thorntree, Middlesbrough, Teeside, Durham, Tees Valley	TS3 9NB
1V89P0	Stroud Unicorn House Jobcentre	Unicorn House, Cornhill Shopping Centre, Stroud, Gloucestershire, Gloucester & West of England	GL5 2JT
H6M1H	Port Talbot Jobcentre	64-66 Station Road, Port Talbot, West Glamorgan, South West Wales	SA13 1LX
2BWG6M	Llanelli Jobcentre	58 Stepney Street, Llanelli, Carmarthenshire, South West Wales	SA15 3TN
1T8B1C	Macclesfield Jobcentre	30 King Edward Street, Macclesfield, Cheshire, Greater Manchester Central & Cheshire Community	SK10 1AE
NFR4	Tonypandy Jobcentre	Thistle House, Llwnpia Road, , Tonypandy, Mid Glamorgan, South West Wales	CF40 2EP
2E390N	Newton Heath Jobcentre	1009 Oldham street, Newton Heath, Manchester, Greater Manchester, Greater Manchester Central & Cheshire Community	M40 2EP
2TMZ54	Scunthorpe Jobcentre	Crown Building, Laneham Street, Scunthorpe, North Lincolnshire, North East Yorkshire and the Humber	DN15 6JT
2DC5BG	Atherton Jobcentre	129 Market Street, Atherton, Manchester, Greater Manchester, Greater Manchester East and West	M46 0DF
C0XCN	Clitheroe Jobcentre	31A Lowergate, Clitheroe, Lancashire, Cumbria and Lancashire	BB7 1AE
25TNB1	Ashton-In-Makerfield Jobcentre	17-19 Gerard Street, Ashton in Makerfield, Wigan, Lancashire, Greater Manchester East and West	WN4 9AB
16DP65	Colne Jobcentre	80 Market Street, Colne, Lancashire, Cumbria and Lancashire	BB8 0HS
6D6G8	Farnworth Jobcentre	99 King Street, Bolton, Lancashire, Greater Manchester East and West	BL4 7AX
VJ2QD	Widnes Jobcentre	Kingsway House, Caldwell Road, Widnes, Cheshire, Merseyside	WA8 7EA
2J2AX7	Andover Jobcentre	6 London Street, Andover, Hampshire, Hampshire and Isle of Wight	SP10 2PA
V0W5B	Hammersmith Jobcentre	Glen House, 22 Glenthorne Road, Hammersmith, London, West London	W6 0PP
9KAND	Basingstoke Jobcentre	Crown Buildings, Winchester Road, Basingstoke, Hampshire, Hampshire and Isle of Wight	RG21 8ES
1VFHDB	Leigh Jobcentre	Roydale House, 2-10 Windmere Road, Leigh, Lancashire, Greater Manchester East and West	WN7 1UT
1CK4ES	Preston Jobcentre	Gateway House, 200 Ringway, Preston, Lancashire, Cumbria and Lancashire	PR1 2ER
FKBWC	Penrith Jobcentre	19-24 Friargate, Penrith, Cumbria, Cumbria and Lancashire	CA11 7QH
FGJ9H	Eastleigh Jobcentre	Capital House, 100 Southampton Road, Eastleigh, Hampshire, Hampshire and Isle of Wight	SO50 5PB
2MX9JK	Blyth Jobcentre	Bridge House, Percy Street, Blyth, Northumberland, Tyne & Wear	NE24 2AQ
2M11FC	Gosport Jobcentre	Unit 2, Walpole Street, Gosport, Hampshire, Hampshire and Isle of Wight	PO12 1RR
1K4NNB	Ryde Jobcentre	148 High Street, Ryde, Isle of Wight, Hampshire, Hampshire and Isle of Wight	PO33 2RE
27YC4	Ringwood Jobcentre	20-22 Southampton Road, Ringwood, Hampshire, Hampshire and Isle of Wight	BH24 1HY
1VB50C	Portsmouth Jobcentre	27 Arundel Street, Portsmouth, Hampshire, Hampshire and Isle of Wight	PO1 1NB
2BAFPW	Dundee City Jobcentre	Wellgate House, Wellgate Centre, Dundee, Tayside, North Scotland	DD1 2DB
1Y6FJ4	Maidenhead Jobcentre	3 Park Street, Maidenhead, Berkshire, Thames Valley	SL6 1SP
295268	Basildon Jobcentre	The Basildon Centre, St Martin's Square, Basildon, Essex	SS14 1DL
85BP3	Lichfield Jobcentre	Guardian House, Birmingham Road, Lichfield, Staffordshire, Staffordshire and Shropshire	WS13 6JG
1EEK3B	Market Harborough Jobcentre	Council Offices, Second Floor, Adam & Eve Street, Market Harborough, Leicestershire, Leicestershire and Northamptonshire	LE16 7AG
1ZBQHS	Dingwall Jobcentre	3 High Street, Dingwall, Invernesshire, North Scotland	IV15 9HL
26M9XT	Stratford-Upon-Avon Jobcentre	Martin Raff House, New Crown Buildings, Alcester Road, Stratford Upon Avon, Warwickshire, Mercia	CV37 9DA
WJM8F	Oldham Jobcentre	Tweedale House, 75 Union Street, Oldham, Lancashire, Greater Manchester East and West	OL1 1LH
1FJ9E6	Alexandria Jobcentre	160 Bank Street, Alexandria, Dunbartonshire, West Scotland	G83 0UP
26B5MN	Barnet Jobcentre	Raydean House, 15 Western Parade, Great North Road, Barnet, Hertfordshire, North London	EN5 1AH
1NP3KV	Clydebank Jobcentre	Radnor House, 245 Kilbowie Road, Clydebank, Dunbartonshire, West Scotland	G81 2JL
1JH559	Motherwell Jobcentre	Flemington House, 600 Windmillhill Street, Motherwell, Lanarkshire, Glasgow, Lanarkshire and East Dunbartonshire	ML1 2HN
1GANMZ	Cinderford Jobcentre	Foundry Road, Cinderford, Gloucestershire, Gloucester & West of England	GL14 2JU
ARTSN	Bellshill Jobcentre	417 Main Street, Bellshill, Lanarkshire, Glasgow, Lanarkshire and East Dunbartonshire	ML4 1HT
1ZSW46	Southampton Jobcentre	St. Cross House, 18 Bernard Street, Southampton, Hampshire, Hampshire and Isle of Wight	SO14 3PJ
2K7JTQ	Biggleswade Jobcentre	73 High Street, Biggleswade, Bedfordshire, Bedfordshire and Hertfordshire	SG18 0JH
1ZVYR4	Frome Jobcentre	9-10 Kingsway Precinct, Frome, Somerset, Wessex	BA11 1QW
MZQAY	Wolverhampton Chapel Court Jobcentre	Queen Street, Wolverhampton, West Midlands, Black Country	WV1 3AF
1027BM	Downham Market Jobcentre	The Priory Centre, 78 Priory Road, Downham Market, Norfolk, East Anglia	PE38 9JS
1C7VFX	Lowestoft Jobcentre	Rishton House, Clapham Road, Lowestoft, Suffolk, East Anglia	NR32 1RW
1J6RJN	Shrewsbury Jobcentre	Princess House, 17-19 The Square, Shrewsbury, Shropshire, Staffordshire and Shropshire	SY1 1YA
HFH6D	Belper Jobcentre	54 King Street, Belper, Derbyshire, Derbyshire	DE56 1PN
2N6E65	Kidsgrove Jobcentre	The Avenue, Kidsgrove, Stoke on Trent, Staffordshire, Staffordshire and Shropshire	ST7 1AH
1TQ0TS	Dalkeith Jobcentre	7 Buccleuch Street, Dalkeith, Midlothian, East and South East of Scotland	EH22 1HB
MV810	Harlesden Jobcentre	Harlesden House, 161 High Street, London, West London	NW10 4TL
1AEN0	Johnstone Jobcentre	11 Floors Street, Johnstone, Renfrewshire, West Scotland	PA5 8QT
2PB9AE	Ystradgynlais Jobcentre	Wind Road, Ystradgynlais, Powys, North and Mid Wales	SA9 1AB
9BBXV	Wellington Jobcentre	67 New Street, Wellington, Telford, Shropshire, Staffordshire and Shropshire	TF1 1NW
1Q7GSW	Eastbourne Jobcentre	St. Annes House, 2 St. Anne's Road, Eastbourne, East Sussex, Surrey and Sussex	BN21 3XX
2BN1YM	Cambuslang Jobcentre	27 Main Street, Cambuslang, Glasgow, Lanarkshire, Glasgow, Lanarkshire and East Dunbartonshire	G72 7EX
2YT65H	Helston Jobcentre	5 Coinagehall Street, Helston, Cornwall, Devon and Cornwall	TR13 8HX
2J6Z3P	Devizes Jobcentre	Maryport Street, Devizes, Wiltshire, Wessex	SN10 1AH
16AD7X	Chepstow Jobcentre	Station Road, Chepstow, Gwent, South East Wales	NP16 5PB
WAQRR	Rothesay Jobcentre	Crown Building, 9 King Street, Rothesay, Isle of Bute, West Scotland	PA20 0DG
2WP0AK	Lewes Jobcentre	Medwyn House, Mountfield Road, Lewes, East Sussex, Surrey and Sussex	BN7 2XE
RKQ4S	Tiverton Jobcentre	Coggans Well House, Phoenix Lane, Tiverton, Devon, Devon and Cornwall	EX16 6LU
1MPST8	Cirencester Jobcentre	Forum House, Southway, Cirencester, Gloucestershire, Gloucester & West of England	GL7 1LW
4B3P2	Pontypool Jobcentre	Park Road, Pontypool, Gwent, South East Wales	NP6 6XQ
GCSW8	Ayr Jobcentre	Wallacetoun House, John Street, Ayr, Ayrshire, West Scotland	KA8 0BX
2DJY03	Bristol, Bedminster Jobcentre	17-19 Kent Street, Bedminster, Bristol, Avon, Gloucester & West of England	BS3 3NR
19NBMN	Finsbury Park Jobcentre	52-53 Medina Road, Finsbury Park, London, North London	N7 7JX
XCZ32	Wood Green Jobcentre	1 Western Road, Wood Green, London, North London	N22 6UH
2GXREG	Tredegar Jobcentre	Upper Coronation Street, Tregegar, Gwent, South East Wales	NP2 3YA
1A0KR1	Kentish Town Jobcentre	178 Kentish Town Road, Kentish Town, London, North London	NW5 2BN
2GK90C	Dalston Jobcentre	Playle House, Tottenham Road, Dalston, London, East London	N1 4BY
1QYM8P	Exeter Jobcentre	Clarendon House, Western Way, Exeter, Devon, Devon and Cornwall	EX1 2DA
1QK744	Southall Jobcentre	68 The Broadway, Southall, Middlesex, West London	UB1 1QD
184D7T	Newquay Jobcentre	32 East Street, Newquay, Cornwall, Devon and Cornwall	TR7 1BY
150DE1	Flint Jobcentre	Swan Street, Flint, Flintshire	CH6 5BD
11QRWK	Brixham Jobcentre	Decca House, 28 New Road, Brixham, Devon, Devon and Cornwall	TQ5 8NQ
F03NR	South Shields Jobcentre	Chapter Row, Market Place, South Shields, Tyne & Wear	NE33 1BZ
1EN2YE	Hounslow Jobcentre	10 Montague Road, Hounslow, Middlesex	TW3 1LL
1HWQMA	Yeovil Jobcentre	Federated House, 29-31 Hendford, Yeovil, Somerset	BA20 1UU
254QN9	Stanley Jobcentre	2 Front Street, Stanley, County Durham	DH9 0LT
BJEXX	Totnes Jobcentre	Westward House, New Walk, Totnes, Devon, Devon and Cornwall	TQ9 5WA
XZFWT	Letchworth Jobcentre Plus	The People's House, 2 Station Road, Letchworth Garden City, Hertfordshire	The Peoples House    2 Station Road Letchworth Garden City SG6 3AZ
EX2H9	Tamworth Jobcentre	90 Saxon Mill Lane, Tamworth, Staffordshire	B79 7JJ
9QEX8	Longton Jobcentre	83-87 The Strand, Longton, Stoke on Trent, Staffordshire	ST3 2PF
WKBXB	Bargoed Jobcentre	Charlestown House, 44-46, High Street, Bargoed, Mid Glamorgan	CF81 8RD
2QJEQK	Bridlington Jobcentre	Crown Buildings, Quay Road, Bridlington, East Yorkshire	YO16 4LY
BJTPK	Banbury Jobcentre	Crown Buildings, Southam Road, Banbury, Oxfordshire	OX16 2EX
1AYB3R	Redruth Jobcentre	Piran House, Nettles Hill, Redruth, Cornwall, Devon and Cornwall	TR15 1JN
JXRNX	Swadlincote Jobcentre	7 The Delph Centre, Swadlincote, Derbyshire	DE11 9DY
1SJ2AW	Hemel Hempstead Jobcentre	1 Waterhouse Street, Hemel Hempstead, Hertfordshire	HP1 1EX
105A9Z	Bristol, Yate Jobcentre	39 South Parade, Yate, Bristol, South Gloucestershire	BS37 4BB
11J30A	Airdrie Jobcentre	44 Stirling Street, Airdrie, North Lanarkshire	ML6 0AH
62W3A	Blairgowrie Jobcentre	11-13 Perth Street, Blairgowrie, Perthshire	PH10 6DQ
2NEYZ	Peterhead Jobcentre	63 St Peter Street, Peterhead, Aberdeenshire	AB42 1UX
11BNZW	Ammanford Jobcentre	Llys Afon, Park Street, Ammanford, Carmarthenshire	SA18 2NT
SBNBE	Birkenhead Jobcentre	Brunswick House, 29 Price Street, Birkenhead, Wirral, Merseyside	CH41 6JN
2SB0J3	Northwich Cheshire Jobcentre	17-21 London Road, Northwich, Cheshire	CW9 5JQ
13KEQM	Inverness Jobcentre	River House, Young Street, Inverness, Inverness-shire	IV3 5BP
1HPKY0	Alnwick Jobcentre	Roxburgh House, Roxburgh Place, Alnwick, Northumberland	NE66 1JX
1J4HJY	Stafford  Jobcentre	Greyfriars House, Greyfriars, Stafford, Staffordshire	ST16 2LP
BRSW2	Pwllheli Jobcentre	Lower Cardiff Road, Pwllheli, Gwynedd	LL53 6BY
1MSR4A	Galashiels Jobcentre	New Reiver House, High Street, Galashiels, Selkirkshire	TD1 1TD
45WJX	Middleton Jobcentre	Othen House, 7 Oldham Road, Middleton, Manchester, Lancashire	M24 1BX
1JT3TY	Dumfries Jobcentre	65-75 Irish Street, Dumfries, Dumfries & Galloway	DG1 2NU
12620M	Halifax Crossfield House Jobcentre	Crossfield House, St. James Road, Halifax, North Yorkshire	HX1 1PE
28SBWK	North Kensington Jobcentre	Units 308-312 Quayside House, Kensal Road, North Kensington, London	W10 5BE
1EJ66K	City Tower Jobcentre	West Tenter Street, Whitechapel, London	E1 8DT
1WVVWR	Redditch Jobcentre	St Stephens House, Prospect Hill, Redditch, Worcestershire	B97 4DL
1MCR4Q	Everton Jobcentre	Premier House, 95 Breckfield Road North, Liverpool, Merseyside	L5 4NQ
T1BZ0	Hessle Jobcentre	26 The Weir, Hessle, North Humberside	HU13 0RX
Y3AZK	Brighouse Jobcentre	Owlings Ings Road, Brighouse, West Yorkshire	HD6 1EH
155Y8A	Upton Jobcentre	52 Arrowe Park Road, Upton, Wirral, Merseyside	CH49 0UE
1G3620	Beverley Jobcentre	Crosskill House, Mill Lane, Beverley, East Yorkshire	HU17 9JW
12R4ZW	Colwyn Bay Jobcentre	45a Conwy Road, Colwyn Bay, Conwy	LL29 7AU
1SZS4C	Redhill Jobcentre	15 London Road, Redhill, Surrey	RH1 1BQ
188YXB	Sutton Jobcentre	Helena House, 348 High Street, Sutton, Surrey	SM1 1PX
1J2T09	Hyde Jobcentre	Beech House, New Beech Street, Hyde, Cheshire	SK14 2LS
KSJW9	Plaistow Jobcentre	3-9 Balaam Street, Plaistow, London	E13 8EB
1F77KP	Pembroke Dock Jobcentre	23 Gordon Street, Pembroke Dock, Pembrokeshire	SA72 6EP
1ZGBC7	Worksop Jobcentre	Bridge Court, Bridge Place, Worksop, Nottinghamshire	S80 2AQ
4V4AF	Atherstone Jobcentre	120 Long Street, Atherstone, Warwickshire	CV9 1DR
1K6X9J	Newport Gwent Jobcentre	2-6 Charles Street, Newport, Gwent	NP20 1JR
10582	Leighton Buzzard Jobcentre	Bossard House, West Street, Leighton Buzzard, Bedfordshire	LU7 1DA
Z2PJX	Canning Town Jobcentre	Kilner House, Freemasons Road, Canning Town, London	E16 3PD
2RSY7R	Laurieston Jobcentre	Pollokshaws Road, Laurieston, Glasgow	G41 1RD
1T6W6B	Stowmarket Jobcentre	Ipswich Street, Stowmarket, Suffolk	IP14 1AN
22CWZE	Hythe Jobcentre	Pylewell Road, Southampton, Hampshire	SO45 6ZL
28AF1X	Port Glasgow Jobcentre	Scarkow Street, Port Glasgow, Renfrewshire	PA14 5EY
1RMXKK	Greenock Jobcentre	Dalrymple Street, Greenock, Renfrewshire	PA15 1QL
KSPTQ	Wallsend Jobcentre	Hadrian House, Station Road, Wallsend, Tyne and Wear	NE28 6HP
1CP7CW	Erdington Jobcentre	Sutton New Road, Erdington, Birmingham, West Midlands	B23 6TD
MYTPK	Wellingborough Jobcentre	Lothersdale House, West Villa Road, Wellingborough, Northamptonshire	NN8 4NE
26VSCQ	Barton on Humber Jobcentre	Kings Street, Barton on Humber, Northamptonshire	DN18 5ER
2FPFRD	Abingdon Jobcentre	Torus House, Stert Street, Abingdon, Oxfordshire	OX14 3QS
F22TH	North Walsham Jobcentre	GPO Buildings, Kings Arms Street, North Walsham, Norfolk	NR28 9JX
2QNAMN	Rhyl Jobcentre	High Street, Rhyl, Denbighshire	LL18 1UU
2338XG	Llandudno Jobcentre	Chapel Street, Llandudno, Conwy	LL30 2SS
5EV98	Hove Jobcentre	Boundary House, Boundary Road, Hove, East Sussex	BN3 7GA
EGF1S	Chelmsford Jobcentre	The Gemini Centre, New London Road, Chelmsford, Essex	CM2 0PD
15NEQH	Winton Jobcentre	Wimborne Road, Winton, Bournemouth, Dorset	BH9 2AL
3CXJ8	Farnborough Jobcentre	Princeton House, Victoria Road, Farnborough, Hampshire	GU14 7NT
1FYPY3	High Riggs Jobcentre	High Riggs, Edinburgh	EH3 9HU
2NZEB3	Whitchurch Jobcentre	Green End Parade, Whitchurch, Shropshire	SY13 1AG
2N6J0R	Wells Jobcentre	Chamberlain Street, Wells, Somerset	BA5 2PJ
1J6JQQ	Helensburgh Jobcentre	Charlotte Street, Helensburgh	G84 7PH
1EWT96	Brixton Road Jobcentre	Brixton Road, Brixton, London	SW9 7AY
18K2VN	Arnold Jobcentre	Civic Centre, Arnot Hill Park, Arnold, Arnold, Nottinghamshire	NG5 6LT
19VRMP	Nottingham Loxley House Jobcentre	Loxley House, Nottingham, Nottinghamshire	NG2 3QD
ZFQMJ	Dunstable Watling House Jobcentre	Watling House, High Street, North Dunstable, Bedfordshire	LU6 1LF
